frame_index,wall_time,elapsed_s,video_frame_index,fps,running,vehicle_state,event,stop_condition,lane_found,stop_line_detected,lane_error,raw_steer,final_steer,final_speed,steering_pot,traffic_signal,car_detected,car_label,car_confidence,car_bbox,car_area_ratio,car_result_age_s,car_model_fault,ultrasonic_json,ultrasonic_age_json,front_sensor_values,front_distance_cm,sensor_ok,ultrasonic_close,fusion_confirmed,fusion_hits,fusion_skew_s,fusion_reason,obstacle_phase,dash_side,solid_side,locked_dash_side,lost_frames
1,2026-08-01T16:05:24.151+09:00,0.449,0,2.45,0,DRIVING,state:None->DRIVING;phase:None->KEEP_PAUSED,0,1,0,-0.220330,0.396594,0.396594,0,751,unknown,0,unknown,0.000000,null,0.000000,0.407,,"{""0"": 250, ""1"": 250, ""2"": null, ""3"": null, ""4"": null, ""5"": null, ""6"": null, ""7"": null}","{""0"": 0.0, ""1"": 0.0, ""2"": null, ""3"": null, ""4"": null, ""5"": null, ""6"": null, ""7"": null}","{""0"": 250, ""1"": 250}",250,1,0,0,0,0.407,ultrasonic-not-close,KEEP_PAUSED,left,right,,0
2,2026-08-01T16:05:24.444+09:00,0.758,1,2.75,0,DRIVING,,0,1,0,-0.229332,0.429003,0.429003,0,751,unknown,0,unknown,0.000000,null,0.000000,0.217,,"{""0"": 250, ""1"": 250, ""2"": null, ""3"": null, ""4"": null, ""5"": null, ""6"": null, ""7"": null}","{""0"": 0.0, ""1"": 0.0, ""2"": null, ""3"": null, ""4"": null, ""5"": null, ""6"": null, ""7"": null}","{""0"": 250, ""1"": 250}",250,1,0,0,0,0.217,ultrasonic-not-close,KEEP_PAUSED,left,right,,0
3,2026-08-01T16:05:24.714+09:00,1.025,2,3.02,0,DRIVING,,0,1,0,-0.233600,0.439505,0.439505,0,751,unknown,0,unknown,0.000000,null,0.000000,0.209,,"{""0"": 250, ""1"": 250, ""2"": null, ""3"": null, ""4"": null, ""5"": null, ""6"": null, ""7"": null}","{""0"": 0.0, ""1"": 0.0, ""2"": null, ""3"": null, ""4"": null, ""5"": null, ""6"": null, ""7"": null}","{""0"": 250, ""1"": 250}",250,1,0,0,0,0.209,ultrasonic-not-close,KEEP_PAUSED,left,right,,0
4,2026-08-01T16:05:24.975+09:00,1.290,3,3.17,0,DRIVING,,0,1,0,-0.237545,0.448001,0.448001,0,751,unknown,0,unknown,0.000000,null,0.000000,0.202,,"{""0"": 250, ""1"": 250, ""2"": null, ""3"": null, ""4"": null, ""5"": null, ""6"": null, ""7"": null}","{""0"": 0.001, ""1"": 0.001, ""2"": null, ""3"": null, ""4"": null, ""5"": null, ""6"": null, ""7"": null}","{""0"": 250, ""1"": 250}",250,1,0,0,0,0.201,ultrasonic-not-close,KEEP_PAUSED,left,right,,0
5,2026-08-01T16:05:25.206+09:00,1.522,4,3.35,0,DRIVING,,0,1,0,-0.240019,0.450779,0.450779,0,750,unknown,0,unknown,0.000000,null,0.000000,0.175,,"{""0"": 250, ""1"": 250, ""2"": null, ""3"": null, ""4"": null, ""5"": null, ""6"": null, ""7"": null}","{""0"": 0.0, ""1"": 0.0, ""2"": null, ""3"": null, ""4"": null, ""5"": null, ""6"": null, ""7"": null}","{""0"": 250, ""1"": 250}",250,1,0,0,0,0.175,ultrasonic-not-close,KEEP_PAUSED,left,right,,0
6,2026-08-01T16:05:25.440+09:00,1.755,5,3.48,0,DRIVING,,0,1,0,-0.241933,0.452045,0.452045,0,750,unknown,0,unknown,0.000000,null,0.000000,0.177,,"{""0"": 250, ""1"": 250, ""2"": null, ""3"": null, ""4"": null, ""5"": null, ""6"": null, ""7"": null}","{""0"": 0.0, ""1"": 0.0, ""2"": null, ""3"": null, ""4"": null, ""5"": null, ""6"": null, ""7"": null}","{""0"": 250, ""1"": 250}",250,1,0,0,0,0.177,ultrasonic-not-close,KEEP_PAUSED,left,right,,0
7,2026-08-01T16:05:25.717+09:00,2.032,6,3.50,0,DRIVING,,0,1,0,-0.243218,0.451703,0.451703,0,750,unknown,0,unknown,0.000000,null,0.000000,0.222,,"{""0"": 250, ""1"": 250, ""2"": null, ""3"": null, ""4"": null, ""5"": null, ""6"": null, ""7"": null}","{""0"": 0.0, ""1"": 0.0, ""2"": null, ""3"": null, ""4"": null, ""5"": null, ""6"": null, ""7"": null}","{""0"": 250, ""1"": 250}",250,1,0,0,0,0.222,ultrasonic-not-close,KEEP_PAUSED,left,right,,0
8,2026-08-01T16:05:26.016+09:00,2.331,7,3.47,0,DRIVING,,0,1,0,-0.244614,0.452557,0.452557,0,750,unknown,0,unknown,0.000000,null,0.000000,0.245,,"{""0"": 250, ""1"": 250, ""2"": null, ""3"": null, ""4"": null, ""5"": null, ""6"": null, ""7"": null}","{""0"": 0.0, ""1"": 0.0, ""2"": null, ""3"": null, ""4"": null, ""5"": null, ""6"": null, ""7"": null}","{""0"": 250, ""1"": 250}",250,1,0,0,0,0.245,ultrasonic-not-close,KEEP_PAUSED,left,right,,0
9,2026-08-01T16:05:26.371+09:00,2.685,8,3.39,0,DRIVING,,0,1,0,-0.245383,0.451649,0.451649,0,750,unknown,0,unknown,0.000000,null,0.000000,0.298,,"{""0"": 250, ""1"": 250, ""2"": null, ""3"": null, ""4"": null, ""5"": null, ""6"": null, ""7"": null}","{""0"": 0.0, ""1"": 0.0, ""2"": null, ""3"": null, ""4"": null, ""5"": null, ""6"": null, ""7"": null}","{""0"": 250, ""1"": 250}",250,1,0,0,0,0.298,ultrasonic-not-close,KEEP_PAUSED,left,right,,0
10,2026-08-01T16:05:26.705+09:00,3.020,9,3.34,0,DRIVING,,0,1,0,-0.246187,0.451556,0.451556,0,751,unknown,0,unknown,0.000000,null,0.000000,0.276,,"{""0"": 250, ""1"": 250, ""2"": null, ""3"": null, ""4"": null, ""5"": null, ""6"": null, ""7"": null}","{""0"": 0.0, ""1"": 0.0, ""2"": null, ""3"": null, ""4"": null, ""5"": null, ""6"": null, ""7"": null}","{""0"": 250, ""1"": 250}",250,1,0,0,0,0.276,ultrasonic-not-close,KEEP_PAUSED,left,right,,0
11,2026-08-01T16:05:27.019+09:00,3.335,10,3.33,0,DRIVING,,0,1,0,-0.246426,0.449889,0.449889,0,751,unknown,0,unknown,0.000000,null,0.000000,0.255,,"{""0"": 250, ""1"": 250, ""2"": null, ""3"": null, ""4"": null, ""5"": null, ""6"": null, ""7"": null}","{""0"": 0.0, ""1"": 0.0, ""2"": null, ""3"": null, ""4"": null, ""5"": null, ""6"": null, ""7"": null}","{""0"": 250, ""1"": 250}",250,1,0,0,0,0.255,ultrasonic-not-close,KEEP_PAUSED,left,right,,0
12,2026-08-01T16:05:27.311+09:00,3.626,11,3.34,0,DRIVING,,0,1,0,-0.246773,0.449241,0.449241,0,750,unknown,0,unknown,0.000000,null,0.000000,0.238,,"{""0"": 250, ""1"": 250, ""2"": null, ""3"": null, ""4"": null, ""5"": null, ""6"": null, ""7"": null}","{""0"": 0.0, ""1"": 0.0, ""2"": null, ""3"": null, ""4"": null, ""5"": null, ""6"": null, ""7"": null}","{""0"": 250, ""1"": 250}",250,1,0,0,0,0.238,ultrasonic-not-close,KEEP_PAUSED,left,right,,0
13,2026-08-01T16:05:27.610+09:00,3.928,12,3.33,0,DRIVING,,0,1,0,-0.247071,0.448801,0.448801,0,751,unknown,0,unknown,0.000000,null,0.000000,0.252,,"{""0"": 250, ""1"": 250, ""2"": null, ""3"": null, ""4"": null, ""5"": null, ""6"": null, ""7"": null}","{""0"": 0.0, ""1"": 0.0, ""2"": null, ""3"": null, ""4"": null, ""5"": null, ""6"": null, ""7"": null}","{""0"": 250, ""1"": 250}",250,1,0,0,0,0.252,ultrasonic-not-close,KEEP_PAUSED,left,right,,0
14,2026-08-01T16:05:27.935+09:00,4.248,13,3.32,0,DRIVING,,0,1,0,-0.247212,0.448086,0.448086,0,751,unknown,0,unknown,0.000000,null,0.000000,0.269,,"{""0"": 250, ""1"": 250, ""2"": null, ""3"": null, ""4"": null, ""5"": null, ""6"": null, ""7"": null}","{""0"": 0.0, ""1"": 0.0, ""2"": null, ""3"": null, ""4"": null, ""5"": null, ""6"": null, ""7"": null}","{""0"": 250, ""1"": 250}",250,1,0,0,0,0.269,ultrasonic-not-close,KEEP_PAUSED,left,right,,0
15,2026-08-01T16:05:28.260+09:00,4.578,14,3.30,0,DRIVING,,0,1,0,-0.247362,0.447696,0.447696,0,751,unknown,0,unknown,0.000000,null,0.000000,0.271,,"{""0"": 250, ""1"": 250, ""2"": null, ""3"": null, ""4"": null, ""5"": null, ""6"": null, ""7"": null}","{""0"": 0.0, ""1"": 0.0, ""2"": null, ""3"": null, ""4"": null, ""5"": null, ""6"": null, ""7"": null}","{""0"": 250, ""1"": 250}",250,1,0,0,0,0.271,ultrasonic-not-close,KEEP_PAUSED,left,right,,0
16,2026-08-01T16:05:28.578+09:00,4.893,15,3.29,0,DRIVING,,0,1,0,-0.247475,0.447368,0.447368,0,750,unknown,0,unknown,0.000000,null,0.000000,0.258,,"{""0"": 250, ""1"": 250, ""2"": null, ""3"": null, ""4"": null, ""5"": null, ""6"": null, ""7"": null}","{""0"": 0.0, ""1"": 0.0, ""2"": null, ""3"": null, ""4"": null, ""5"": null, ""6"": null, ""7"": null}","{""0"": 250, ""1"": 250}",250,1,0,0,0,0.258,ultrasonic-not-close,KEEP_PAUSED,left,right,,0
17,2026-08-01T16:05:28.823+09:00,5.138,16,3.33,0,DRIVING,,0,1,0,-0.247375,0.446434,0.446434,0,751,unknown,0,unknown,0.000000,null,0.000000,0.189,,"{""0"": 250, ""1"": 250, ""2"": null, ""3"": null, ""4"": null, ""5"": null, ""6"": null, ""7"": null}","{""0"": 0.0, ""1"": 0.0, ""2"": null, ""3"": null, ""4"": null, ""5"": null, ""6"": null, ""7"": null}","{""0"": 250, ""1"": 250}",250,1,0,0,0,0.189,ultrasonic-not-close,KEEP_PAUSED,left,right,,0
18,2026-08-01T16:05:29.117+09:00,5.435,17,3.33,0,DRIVING,,0,1,0,-0.247618,0.446960,0.446960,0,751,unknown,0,unknown,0.000000,null,0.000000,0.243,,"{""0"": 250, ""1"": 250, ""2"": null, ""3"": null, ""4"": null, ""5"": null, ""6"": null, ""7"": null}","{""0"": 0.0, ""1"": 0.0, ""2"": null, ""3"": null, ""4"": null, ""5"": null, ""6"": null, ""7"": null}","{""0"": 250, ""1"": 250}",250,1,0,0,0,0.243,ultrasonic-not-close,KEEP_PAUSED,left,right,,0
19,2026-08-01T16:05:29.411+09:00,5.729,18,3.33,0,DRIVING,,0,1,0,-0.247667,0.446761,0.446761,0,751,unknown,0,unknown,0.000000,null,0.000000,0.239,,"{""0"": 250, ""1"": 250, ""2"": null, ""3"": null, ""4"": null, ""5"": null, ""6"": null, ""7"": null}","{""0"": 0.0, ""1"": 0.0, ""2"": null, ""3"": null, ""4"": null, ""5"": null, ""6"": null, ""7"": null}","{""0"": 250, ""1"": 250}",250,1,0,0,0,0.239,ultrasonic-not-close,KEEP_PAUSED,left,right,,0
20,2026-08-01T16:05:29.759+09:00,6.075,19,3.31,0,DRIVING,,0,1,0,-0.247703,0.446605,0.446605,0,750,unknown,0,unknown,0.000000,null,0.000000,0.293,,"{""0"": 250, ""1"": 250, ""2"": null, ""3"": null, ""4"": null, ""5"": null, ""6"": null, ""7"": null}","{""0"": 0.0, ""1"": 0.0, ""2"": null, ""3"": null, ""4"": null, ""5"": null, ""6"": null, ""7"": null}","{""0"": 250, ""1"": 250}",250,1,0,0,0,0.293,ultrasonic-not-close,KEEP_PAUSED,left,right,,0
21,2026-08-01T16:05:30.003+09:00,6.317,20,3.34,0,DRIVING,,0,1,0,-0.247731,0.446482,0.446482,0,751,unknown,0,unknown,0.000000,null,0.000000,0.187,,"{""0"": 250, ""1"": 250, ""2"": null, ""3"": null, ""4"": null, ""5"": null, ""6"": null, ""7"": null}","{""0"": 0.0, ""1"": 0.0, ""2"": null, ""3"": null, ""4"": null, ""5"": null, ""6"": null, ""7"": null}","{""0"": 250, ""1"": 250}",250,1,0,0,0,0.187,ultrasonic-not-close,KEEP_PAUSED,left,right,,0
22,2026-08-01T16:05:30.238+09:00,6.553,21,3.37,0,DRIVING,,0,1,0,-0.247751,0.446386,0.446386,0,751,unknown,0,unknown,0.000000,null,0.000000,0.182,,"{""0"": 250, ""1"": 250, ""2"": null, ""3"": null, ""4"": null, ""5"": null, ""6"": null, ""7"": null}","{""0"": 0.0, ""1"": 0.0, ""2"": null, ""3"": null, ""4"": null, ""5"": null, ""6"": null, ""7"": null}","{""0"": 250, ""1"": 250}",250,1,0,0,0,0.182,ultrasonic-not-close,KEEP_PAUSED,left,right,,0
23,2026-08-01T16:05:30.520+09:00,6.839,22,3.38,0,DRIVING,,0,1,0,-0.247767,0.446312,0.446312,0,750,unknown,0,unknown,0.000000,null,0.000000,0.234,,"{""0"": 250, ""1"": 250, ""2"": null, ""3"": null, ""4"": null, ""5"": null, ""6"": null, ""7"": null}","{""0"": 0.0, ""1"": 0.0, ""2"": null, ""3"": null, ""4"": null, ""5"": null, ""6"": null, ""7"": null}","{""0"": 250, ""1"": 250}",250,1,0,0,0,0.234,ultrasonic-not-close,KEEP_PAUSED,left,right,,0
24,2026-08-01T16:05:30.834+09:00,7.150,23,3.37,0,DRIVING,,0,1,0,-0.247778,0.446254,0.446254,0,750,unknown,0,unknown,0.000000,null,0.000000,0.259,,"{""0"": 250, ""1"": 250, ""2"": null, ""3"": null, ""4"": null, ""5"": null, ""6"": null, ""7"": null}","{""0"": 0.0, ""1"": 0.0, ""2"": null, ""3"": null, ""4"": null, ""5"": null, ""6"": null, ""7"": null}","{""0"": 250, ""1"": 250}",250,1,0,0,0,0.259,ultrasonic-not-close,KEEP_PAUSED,left,right,,0
25,2026-08-01T16:05:31.144+09:00,7.459,24,3.36,0,DRIVING,,0,1,0,-0.247787,0.446209,0.446209,0,750,unknown,0,unknown,0.000000,null,0.000000,0.259,,"{""0"": 250, ""1"": 250, ""2"": null, ""3"": null, ""4"": null, ""5"": null, ""6"": null, ""7"": null}","{""0"": 0.0, ""1"": 0.0, ""2"": null, ""3"": null, ""4"": null, ""5"": null, ""6"": null, ""7"": null}","{""0"": 250, ""1"": 250}",250,1,0,0,0,0.259,ultrasonic-not-close,KEEP_PAUSED,left,right,,0
26,2026-08-01T16:05:31.488+09:00,7.803,25,3.34,0,DRIVING,,0,1,0,-0.247794,0.446175,0.446175,0,750,unknown,0,unknown,0.000000,null,0.000000,0.289,,"{""0"": 250, ""1"": 250, ""2"": null, ""3"": null, ""4"": null, ""5"": null, ""6"": null, ""7"": null}","{""0"": 0.0, ""1"": 0.0, ""2"": null, ""3"": null, ""4"": null, ""5"": null, ""6"": null, ""7"": null}","{""0"": 250, ""1"": 250}",250,1,0,0,0,0.289,ultrasonic-not-close,KEEP_PAUSED,left,right,,0
27,2026-08-01T16:05:31.793+09:00,8.109,26,3.34,0,DRIVING,,0,1,0,-0.248057,0.447081,0.447081,0,750,unknown,0,unknown,0.000000,null,0.000000,0.247,,"{""0"": 250, ""1"": 250, ""2"": null, ""3"": null, ""4"": null, ""5"": null, ""6"": null, ""7"": null}","{""0"": 0.0, ""1"": 0.0, ""2"": null, ""3"": null, ""4"": null, ""5"": null, ""6"": null, ""7"": null}","{""0"": 250, ""1"": 250}",250,1,0,0,0,0.247,ultrasonic-not-close,KEEP_PAUSED,left,right,,0
28,2026-08-01T16:05:32.091+09:00,8.410,27,3.34,0,DRIVING,,0,1,0,-0.247943,0.446495,0.446495,0,750,unknown,0,unknown,0.000000,null,0.000000,0.252,,"{""0"": 250, ""1"": 250, ""2"": null, ""3"": null, ""4"": null, ""5"": null, ""6"": null, ""7"": null}","{""0"": 0.0, ""1"": 0.0, ""2"": null, ""3"": null, ""4"": null, ""5"": null, ""6"": null, ""7"": null}","{""0"": 250, ""1"": 250}",250,1,0,0,0,0.252,ultrasonic-not-close,KEEP_PAUSED,left,right,,0
29,2026-08-01T16:05:32.391+09:00,8.709,28,3.34,0,DRIVING,,0,1,0,-0.247804,0.445934,0.445934,0,750,unknown,0,unknown,0.000000,null,0.000000,0.254,,"{""0"": 250, ""1"": 250, ""2"": null, ""3"": null, ""4"": null, ""5"": null, ""6"": null, ""7"": null}","{""0"": 0.0, ""1"": 0.0, ""2"": null, ""3"": null, ""4"": null, ""5"": null, ""6"": null, ""7"": null}","{""0"": 250, ""1"": 250}",250,1,0,0,0,0.254,ultrasonic-not-close,KEEP_PAUSED,left,right,,0
30,2026-08-01T16:05:32.698+09:00,9.016,29,3.34,0,DRIVING,,0,1,0,-0.248103,0.447048,0.447048,0,750,unknown,0,unknown,0.000000,null,0.000000,0.260,,"{""0"": 250, ""1"": 250, ""2"": null, ""3"": null, ""4"": null, ""5"": null, ""6"": null, ""7"": null}","{""0"": 0.0, ""1"": 0.0, ""2"": null, ""3"": null, ""4"": null, ""5"": null, ""6"": null, ""7"": null}","{""0"": 250, ""1"": 250}",250,1,0,0,0,0.260,ultrasonic-not-close,KEEP_PAUSED,left,right,,0
31,2026-08-01T16:05:33.008+09:00,9.324,30,3.33,0,DRIVING,,0,1,0,-0.248077,0.446814,0.446814,0,751,unknown,0,unknown,0.000000,null,0.000000,0.259,,"{""0"": 250, ""1"": 250, ""2"": null, ""3"": null, ""4"": null, ""5"": null, ""6"": null, ""7"": null}","{""0"": 0.0, ""1"": 0.0, ""2"": null, ""3"": null, ""4"": null, ""5"": null, ""6"": null, ""7"": null}","{""0"": 250, ""1"": 250}",250,1,0,0,0,0.259,ultrasonic-not-close,KEEP_PAUSED,left,right,,0
32,2026-08-01T16:05:33.316+09:00,9.631,31,3.33,0,DRIVING,,0,1,0,-0.247843,0.445890,0.445890,0,750,unknown,0,unknown,0.000000,null,0.000000,0.242,,"{""0"": 250, ""1"": 250, ""2"": null, ""3"": null, ""4"": null, ""5"": null, ""6"": null, ""7"": null}","{""0"": 0.0, ""1"": 0.0, ""2"": null, ""3"": null, ""4"": null, ""5"": null, ""6"": null, ""7"": null}","{""0"": 250, ""1"": 250}",250,1,0,0,0,0.242,ultrasonic-not-close,KEEP_PAUSED,left,right,,0
33,2026-08-01T16:05:33.621+09:00,9.940,32,3.33,0,DRIVING,,0,1,0,-0.247836,0.445931,0.445931,0,751,unknown,0,unknown,0.000000,null,0.000000,0.256,,"{""0"": 250, ""1"": 250, ""2"": null, ""3"": null, ""4"": null, ""5"": null, ""6"": null, ""7"": null}","{""0"": 0.0, ""1"": 0.0, ""2"": null, ""3"": null, ""4"": null, ""5"": null, ""6"": null, ""7"": null}","{""0"": 250, ""1"": 250}",250,1,0,0,0,0.256,ultrasonic-not-close,KEEP_PAUSED,left,right,,0
34,2026-08-01T16:05:33.851+09:00,10.167,33,3.35,0,DRIVING,,0,1,0,-0.247830,0.445963,0.445963,0,750,unknown,0,unknown,0.000000,null,0.000000,0.179,,"{""0"": 250, ""1"": 250, ""2"": null, ""3"": null, ""4"": null, ""5"": null, ""6"": null, ""7"": null}","{""0"": 0.0, ""1"": 0.0, ""2"": null, ""3"": null, ""4"": null, ""5"": null, ""6"": null, ""7"": null}","{""0"": 250, ""1"": 250}",250,1,0,0,0,0.179,ultrasonic-not-close,KEEP_PAUSED,left,right,,0
35,2026-08-01T16:05:34.136+09:00,10.453,34,3.36,0,DRIVING,,0,1,0,-0.247826,0.445987,0.445987,0,751,unknown,0,unknown,0.000000,null,0.000000,0.237,,"{""0"": 250, ""1"": 250, ""2"": null, ""3"": null, ""4"": null, ""5"": null, ""6"": null, ""7"": null}","{""0"": 0.0, ""1"": 0.0, ""2"": null, ""3"": null, ""4"": null, ""5"": null, ""6"": null, ""7"": null}","{""0"": 250, ""1"": 250}",250,1,0,0,0,0.237,ultrasonic-not-close,KEEP_PAUSED,left,right,,0
36,2026-08-01T16:05:34.475+09:00,10.789,35,3.35,0,DRIVING,,0,1,0,-0.247823,0.446005,0.446005,0,750,unknown,0,unknown,0.000000,null,0.000000,0.281,,"{""0"": 250, ""1"": 250, ""2"": null, ""3"": null, ""4"": null, ""5"": null, ""6"": null, ""7"": null}","{""0"": 0.0, ""1"": 0.0, ""2"": null, ""3"": null, ""4"": null, ""5"": null, ""6"": null, ""7"": null}","{""0"": 250, ""1"": 250}",250,1,0,0,0,0.281,ultrasonic-not-close,KEEP_PAUSED,left,right,,0
37,2026-08-01T16:05:34.728+09:00,11.045,36,3.36,0,DRIVING,,0,1,0,-0.247820,0.446019,0.446019,0,751,unknown,0,unknown,0.000000,null,0.000000,0.201,,"{""0"": 250, ""1"": 250, ""2"": null, ""3"": null, ""4"": null, ""5"": null, ""6"": null, ""7"": null}","{""0"": 0.0, ""1"": 0.0, ""2"": null, ""3"": null, ""4"": null, ""5"": null, ""6"": null, ""7"": null}","{""0"": 250, ""1"": 250}",250,1,0,0,0,0.201,ultrasonic-not-close,KEEP_PAUSED,left,right,,0
38,2026-08-01T16:05:35.106+09:00,11.421,37,3.34,0,DRIVING,,0,1,0,-0.248077,0.446962,0.446962,0,751,green,0,unknown,0.000000,null,0.000000,0.321,,"{""0"": 250, ""1"": 250, ""2"": null, ""3"": null, ""4"": null, ""5"": null, ""6"": null, ""7"": null}","{""0"": 0.0, ""1"": 0.0, ""2"": null, ""3"": null, ""4"": null, ""5"": null, ""6"": null, ""7"": null}","{""0"": 250, ""1"": 250}",250,1,0,0,0,0.321,ultrasonic-not-close,KEEP_PAUSED,left,right,,0
39,2026-08-01T16:05:35.368+09:00,11.683,38,3.35,0,DRIVING,,0,1,0,-0.247993,0.446533,0.446533,0,750,unknown,0,unknown,0.000000,null,0.000000,0.206,,"{""0"": 250, ""1"": 250, ""2"": null, ""3"": null, ""4"": null, ""5"": null, ""6"": null, ""7"": null}","{""0"": 0.0, ""1"": 0.0, ""2"": null, ""3"": null, ""4"": null, ""5"": null, ""6"": null, ""7"": null}","{""0"": 250, ""1"": 250}",250,1,0,0,0,0.206,ultrasonic-not-close,KEEP_PAUSED,left,right,,0
40,2026-08-01T16:05:35.601+09:00,11.917,39,3.36,0,DRIVING,,0,1,0,-0.247926,0.446246,0.446246,0,750,unknown,0,unknown,0.000000,null,0.000000,0.179,,"{""0"": 250, ""1"": 250, ""2"": null, ""3"": null, ""4"": null, ""5"": null, ""6"": null, ""7"": null}","{""0"": 0.0, ""1"": 0.0, ""2"": null, ""3"": null, ""4"": null, ""5"": null, ""6"": null, ""7"": null}","{""0"": 250, ""1"": 250}",250,1,0,0,0,0.179,ultrasonic-not-close,KEEP_PAUSED,left,right,,0
41,2026-08-01T16:05:35.961+09:00,12.272,40,3.35,0,DRIVING,,0,1,0,-0.247863,0.446026,0.446026,0,751,unknown,0,unknown,0.000000,null,0.000000,0.301,,"{""0"": 250, ""1"": 250, ""2"": null, ""3"": null, ""4"": null, ""5"": null, ""6"": null, ""7"": null}","{""0"": 0.0, ""1"": 0.0, ""2"": null, ""3"": null, ""4"": null, ""5"": null, ""6"": null, ""7"": null}","{""0"": 250, ""1"": 250}",250,1,0,0,0,0.301,ultrasonic-not-close,KEEP_PAUSED,left,right,,0
42,2026-08-01T16:05:36.343+09:00,12.657,41,3.33,0,DRIVING,,0,1,0,-0.247850,0.446019,0.446019,0,751,unknown,0,unknown,0.000000,null,0.000000,0.323,,"{""0"": 250, ""1"": 250, ""2"": null, ""3"": null, ""4"": null, ""5"": null, ""6"": null, ""7"": null}","{""0"": 0.0, ""1"": 0.0, ""2"": null, ""3"": null, ""4"": null, ""5"": null, ""6"": null, ""7"": null}","{""0"": 250, ""1"": 250}",250,1,0,0,0,0.323,ultrasonic-not-close,KEEP_PAUSED,left,right,,0
43,2026-08-01T16:05:36.594+09:00,12.909,42,3.34,0,DRIVING,,0,1,0,-0.248100,0.446951,0.446951,0,750,unknown,0,unknown,0.000000,null,0.000000,0.193,,"{""0"": 250, ""1"": 250, ""2"": null, ""3"": null, ""4"": null, ""5"": null, ""6"": null, ""7"": null}","{""0"": 0.0, ""1"": 0.0, ""2"": null, ""3"": null, ""4"": null, ""5"": null, ""6"": null, ""7"": null}","{""0"": 250, ""1"": 250}",250,1,0,0,0,0.193,ultrasonic-not-close,KEEP_PAUSED,left,right,,0
44,2026-08-01T16:05:36.845+09:00,13.161,43,3.35,0,DRIVING,,0,1,0,-0.247860,0.445977,0.445977,0,751,unknown,0,unknown,0.000000,null,0.000000,0.194,,"{""0"": 250, ""1"": 250, ""2"": null, ""3"": null, ""4"": null, ""5"": null, ""6"": null, ""7"": null}","{""0"": 0.0, ""1"": 0.0, ""2"": null, ""3"": null, ""4"": null, ""5"": null, ""6"": null, ""7"": null}","{""0"": 250, ""1"": 250}",250,1,0,0,0,0.194,ultrasonic-not-close,KEEP_PAUSED,left,right,,0
45,2026-08-01T16:05:37.079+09:00,13.395,44,3.37,0,DRIVING,,0,1,0,-0.248107,0.446918,0.446918,0,751,unknown,0,unknown,0.000000,null,0.000000,0.178,,"{""0"": 250, ""1"": 250, ""2"": null, ""3"": null, ""4"": null, ""5"": null, ""6"": null, ""7"": null}","{""0"": 0.0, ""1"": 0.0, ""2"": null, ""3"": null, ""4"": null, ""5"": null, ""6"": null, ""7"": null}","{""0"": 250, ""1"": 250}",250,1,0,0,0,0.178,ultrasonic-not-close,KEEP_PAUSED,left,right,,0
46,2026-08-01T16:05:37.485+09:00,13.800,45,3.34,0,DRIVING,,0,1,0,-0.247866,0.445951,0.445951,0,750,unknown,0,unknown,0.000000,null,0.000000,0.354,,"{""0"": 250, ""1"": 250, ""2"": null, ""3"": null, ""4"": null, ""5"": null, ""6"": null, ""7"": null}","{""0"": 0.0, ""1"": 0.0, ""2"": null, ""3"": null, ""4"": null, ""5"": null, ""6"": null, ""7"": null}","{""0"": 250, ""1"": 250}",250,1,0,0,0,0.354,ultrasonic-not-close,KEEP_PAUSED,left,right,,0
47,2026-08-01T16:05:37.821+09:00,14.136,46,3.33,0,DRIVING,,0,1,0,-0.247668,0.445301,0.445301,0,750,unknown,0,unknown,0.000000,null,0.000000,0.281,,"{""0"": 250, ""1"": 250, ""2"": null, ""3"": null, ""4"": null, ""5"": null, ""6"": null, ""7"": null}","{""0"": 0.0, ""1"": 0.0, ""2"": null, ""3"": null, ""4"": null, ""5"": null, ""6"": null, ""7"": null}","{""0"": 250, ""1"": 250}",250,1,0,0,0,0.281,ultrasonic-not-close,KEEP_PAUSED,left,right,,0
48,2026-08-01T16:05:38.090+09:00,14.405,47,3.34,0,DRIVING,,0,1,0,-0.247653,0.445397,0.445397,0,751,unknown,0,unknown,0.000000,null,0.000000,0.214,,"{""0"": 250, ""1"": 250, ""2"": null, ""3"": null, ""4"": null, ""5"": null, ""6"": null, ""7"": null}","{""0"": 0.0, ""1"": 0.0, ""2"": null, ""3"": null, ""4"": null, ""5"": null, ""6"": null, ""7"": null}","{""0"": 250, ""1"": 250}",250,1,0,0,0,0.214,ultrasonic-not-close,KEEP_PAUSED,left,right,,0
49,2026-08-01T16:05:38.402+09:00,14.717,48,3.34,0,DRIVING,,0,1,0,-0.247826,0.446134,0.446134,0,750,unknown,0,unknown,0.000000,null,0.000000,0.258,,"{""0"": 250, ""1"": 250, ""2"": null, ""3"": null, ""4"": null, ""5"": null, ""6"": null, ""7"": null}","{""0"": 0.0, ""1"": 0.0, ""2"": null, ""3"": null, ""4"": null, ""5"": null, ""6"": null, ""7"": null}","{""0"": 250, ""1"": 250}",250,1,0,0,0,0.258,ultrasonic-not-close,KEEP_PAUSED,left,right,,0
50,2026-08-01T16:05:38.727+09:00,15.044,49,3.33,0,DRIVING,,0,1,0,-0.247862,0.446247,0.446247,0,750,unknown,0,unknown,0.000000,null,0.000000,0.275,,"{""0"": 250, ""1"": 250, ""2"": null, ""3"": null, ""4"": null, ""5"": null, ""6"": null, ""7"": null}","{""0"": 0.0, ""1"": 0.0, ""2"": null, ""3"": null, ""4"": null, ""5"": null, ""6"": null, ""7"": null}","{""0"": 250, ""1"": 250}",250,1,0,0,0,0.275,ultrasonic-not-close,KEEP_PAUSED,left,right,,0
51,2026-08-01T16:05:39.059+09:00,15.373,50,3.32,0,DRIVING,,0,1,0,-0.247805,0.446014,0.446014,0,750,unknown,0,unknown,0.000000,null,0.000000,0.276,,"{""0"": 250, ""1"": 250, ""2"": null, ""3"": null, ""4"": null, ""5"": null, ""6"": null, ""7"": null}","{""0"": 0.0, ""1"": 0.0, ""2"": null, ""3"": null, ""4"": null, ""5"": null, ""6"": null, ""7"": null}","{""0"": 250, ""1"": 250}",250,1,0,0,0,0.276,ultrasonic-not-close,KEEP_PAUSED,left,right,,0
52,2026-08-01T16:05:39.400+09:00,15.714,51,3.32,0,DRIVING,,0,1,0,-0.247881,0.446299,0.446299,0,751,unknown,0,unknown,0.000000,null,0.000000,0.284,,"{""0"": 250, ""1"": 250, ""2"": null, ""3"": null, ""4"": null, ""5"": null, ""6"": null, ""7"": null}","{""0"": 0.0, ""1"": 0.0, ""2"": null, ""3"": null, ""4"": null, ""5"": null, ""6"": null, ""7"": null}","{""0"": 250, ""1"": 250}",250,1,0,0,0,0.284,ultrasonic-not-close,KEEP_PAUSED,left,right,,0
53,2026-08-01T16:05:39.730+09:00,16.047,52,3.31,0,DRIVING,,0,1,0,-0.247904,0.446347,0.446347,0,751,unknown,0,unknown,0.000000,null,0.000000,0.278,,"{""0"": 250, ""1"": 250, ""2"": null, ""3"": null, ""4"": null, ""5"": null, ""6"": null, ""7"": null}","{""0"": 0.0, ""1"": 0.0, ""2"": null, ""3"": null, ""4"": null, ""5"": null, ""6"": null, ""7"": null}","{""0"": 250, ""1"": 250}",250,1,0,0,0,0.278,ultrasonic-not-close,KEEP_PAUSED,left,right,,0
54,2026-08-01T16:05:40.034+09:00,16.350,53,3.31,0,DRIVING,,0,1,0,-0.247921,0.446372,0.446372,0,751,unknown,0,unknown,0.000000,null,0.000000,0.252,,"{""0"": 250, ""1"": 250, ""2"": null, ""3"": null, ""4"": null, ""5"": null, ""6"": null, ""7"": null}","{""0"": 0.0, ""1"": 0.0, ""2"": null, ""3"": null, ""4"": null, ""5"": null, ""6"": null, ""7"": null}","{""0"": 250, ""1"": 250}",250,1,0,0,0,0.252,ultrasonic-not-close,KEEP_PAUSED,left,right,,0
55,2026-08-01T16:05:40.313+09:00,16.628,54,3.31,0,DRIVING,,0,1,0,-0.248380,0.447990,0.447990,0,751,unknown,0,unknown,0.000000,null,0.000000,0.226,,"{""0"": 250, ""1"": 250, ""2"": null, ""3"": null, ""4"": null, ""5"": null, ""6"": null, ""7"": null}","{""0"": 0.0, ""1"": 0.0, ""2"": null, ""3"": null, ""4"": null, ""5"": null, ""6"": null, ""7"": null}","{""0"": 250, ""1"": 250}",250,1,0,0,0,0.226,ultrasonic-not-close,KEEP_PAUSED,left,right,,0
56,2026-08-01T16:05:40.614+09:00,16.929,55,3.31,0,DRIVING,,0,1,0,-0.245138,0.436047,0.436047,0,751,unknown,0,unknown,0.000000,null,0.000000,0.249,,"{""0"": 250, ""1"": 250, ""2"": null, ""3"": null, ""4"": null, ""5"": null, ""6"": null, ""7"": null}","{""0"": 0.0, ""1"": 0.0, ""2"": null, ""3"": null, ""4"": null, ""5"": null, ""6"": null, ""7"": null}","{""0"": 250, ""1"": 250}",250,1,0,0,0,0.249,ultrasonic-not-close,KEEP_PAUSED,left,right,,0
57,2026-08-01T16:05:40.930+09:00,17.248,56,3.31,0,DRIVING,,0,1,0,-0.235584,0.403214,0.403214,0,750,unknown,0,unknown,0.000000,null,0.000000,0.265,,"{""0"": 250, ""1"": 250, ""2"": null, ""3"": null, ""4"": null, ""5"": null, ""6"": null, ""7"": null}","{""0"": 0.0, ""1"": 0.0, ""2"": null, ""3"": null, ""4"": null, ""5"": null, ""6"": null, ""7"": null}","{""0"": 250, ""1"": 250}",250,1,0,0,0,0.265,ultrasonic-not-close,KEEP_PAUSED,left,right,,0
58,2026-08-01T16:05:41.187+09:00,17.503,57,3.32,0,DRIVING,,0,1,0,-0.225370,0.372694,0.372694,0,750,unknown,0,unknown,0.000000,null,0.000000,0.208,,"{""0"": 250, ""1"": 250, ""2"": null, ""3"": null, ""4"": null, ""5"": null, ""6"": null, ""7"": null}","{""0"": 0.0, ""1"": 0.0, ""2"": null, ""3"": null, ""4"": null, ""5"": null, ""6"": null, ""7"": null}","{""0"": 250, ""1"": 250}",250,1,0,0,0,0.208,ultrasonic-not-close,KEEP_PAUSED,left,right,,0
59,2026-08-01T16:05:41.445+09:00,17.761,58,3.33,0,DRIVING,,0,1,0,-0.220346,0.364500,0.364500,0,750,green,0,unknown,0.000000,null,0.000000,0.207,,"{""0"": 250, ""1"": 250, ""2"": null, ""3"": null, ""4"": null, ""5"": null, ""6"": null, ""7"": null}","{""0"": 0.0, ""1"": 0.0, ""2"": null, ""3"": null, ""4"": null, ""5"": null, ""6"": null, ""7"": null}","{""0"": 250, ""1"": 250}",250,1,0,0,0,0.207,ultrasonic-not-close,KEEP_PAUSED,left,right,,0
60,2026-08-01T16:05:41.681+09:00,17.998,59,3.34,0,DRIVING,,0,1,0,-0.212504,0.345904,0.345904,0,750,unknown,0,unknown,0.000000,null,0.000000,0.186,,"{""0"": 250, ""1"": 250, ""2"": null, ""3"": null, ""4"": null, ""5"": null, ""6"": null, ""7"": null}","{""0"": 0.0, ""1"": 0.0, ""2"": null, ""3"": null, ""4"": null, ""5"": null, ""6"": null, ""7"": null}","{""0"": 250, ""1"": 250}",250,1,0,0,0,0.186,ultrasonic-not-close,KEEP_PAUSED,left,right,,0
61,2026-08-01T16:05:41.883+09:00,18.199,60,3.36,0,DRIVING,,0,1,0,-0.214570,0.364325,0.364325,0,750,green,0,unknown,0.000000,null,0.000000,0.387,,"{""0"": 250, ""1"": 250, ""2"": null, ""3"": null, ""4"": null, ""5"": null, ""6"": null, ""7"": null}","{""0"": 0.0, ""1"": 0.0, ""2"": null, ""3"": null, ""4"": null, ""5"": null, ""6"": null, ""7"": null}","{""0"": 250, ""1"": 250}",250,1,0,0,0,0.387,ultrasonic-not-close,KEEP_PAUSED,left,right,,0
62,2026-08-01T16:05:42.191+09:00,18.508,61,3.35,0,DRIVING,,0,1,0,-0.212666,0.364040,0.364040,0,750,unknown,0,unknown,0.000000,null,0.000000,0.261,,"{""0"": 250, ""1"": 250, ""2"": null, ""3"": null, ""4"": null, ""5"": null, ""6"": null, ""7"": null}","{""0"": 0.0, ""1"": 0.0, ""2"": null, ""3"": null, ""4"": null, ""5"": null, ""6"": null, ""7"": null}","{""0"": 250, ""1"": 250}",250,1,0,0,0,0.261,ultrasonic-not-close,KEEP_PAUSED,left,right,,0
63,2026-08-01T16:05:42.414+09:00,18.729,62,3.37,0,DRIVING,,0,1,0,-0.213823,0.373832,0.373832,0,750,unknown,0,unknown,0.000000,null,0.000000,0.480,,"{""0"": 250, ""1"": 250, ""2"": null, ""3"": null, ""4"": null, ""5"": null, ""6"": null, ""7"": null}","{""0"": 0.0, ""1"": 0.0, ""2"": null, ""3"": null, ""4"": null, ""5"": null, ""6"": null, ""7"": null}","{""0"": 250, ""1"": 250}",250,1,0,0,0,0.480,ultrasonic-not-close,KEEP_PAUSED,left,right,,0
64,2026-08-01T16:05:42.713+09:00,19.031,63,3.37,0,DRIVING,,0,1,0,-0.212917,0.373884,0.373884,0,750,unknown,0,unknown,0.000000,null,0.000000,0.471,,"{""0"": 250, ""1"": 250, ""2"": null, ""3"": null, ""4"": null, ""5"": null, ""6"": null, ""7"": null}","{""0"": 0.0, ""1"": 0.0, ""2"": null, ""3"": null, ""4"": null, ""5"": null, ""6"": null, ""7"": null}","{""0"": 250, ""1"": 250}",250,1,0,0,0,0.471,ultrasonic-not-close,KEEP_PAUSED,left,right,,0
65,2026-08-01T16:05:42.972+09:00,19.291,64,3.37,0,DRIVING,,0,1,0,-0.208260,0.359929,0.359929,0,751,unknown,0,unknown,0.000000,null,0.000000,0.511,,"{""0"": 250, ""1"": 250, ""2"": null, ""3"": null, ""4"": null, ""5"": null, ""6"": null, ""7"": null}","{""0"": 0.0, ""1"": 0.0, ""2"": null, ""3"": null, ""4"": null, ""5"": null, ""6"": null, ""7"": null}","{""0"": 250, ""1"": 250}",250,1,0,0,0,0.511,ultrasonic-not-close,KEEP_PAUSED,left,right,,0
66,2026-08-01T16:05:43.169+09:00,19.485,65,3.39,0,DRIVING,,0,1,0,-0.193779,0.312281,0.312281,0,750,unknown,0,unknown,0.000000,null,0.000000,0.400,,"{""0"": 250, ""1"": 250, ""2"": null, ""3"": null, ""4"": null, ""5"": null, ""6"": null, ""7"": null}","{""0"": 0.0, ""1"": 0.0, ""2"": null, ""3"": null, ""4"": null, ""5"": null, ""6"": null, ""7"": null}","{""0"": 250, ""1"": 250}",250,1,0,0,0,0.400,ultrasonic-not-close,KEEP_PAUSED,left,right,,0
67,2026-08-01T16:05:43.411+09:00,19.725,66,3.40,0,DRIVING,,0,1,0,-0.192678,0.319272,0.319272,0,750,unknown,0,unknown,0.000000,null,0.000000,0.386,,"{""0"": 250, ""1"": 250, ""2"": null, ""3"": null, ""4"": null, ""5"": null, ""6"": null, ""7"": null}","{""0"": 0.0, ""1"": 0.0, ""2"": null, ""3"": null, ""4"": null, ""5"": null, ""6"": null, ""7"": null}","{""0"": 250, ""1"": 250}",250,1,0,0,0,0.386,ultrasonic-not-close,KEEP_PAUSED,left,right,,0
68,2026-08-01T16:05:43.590+09:00,19.905,67,3.42,0,DRIVING,,0,1,0,-0.191633,0.323776,0.323776,0,750,unknown,0,unknown,0.000000,null,0.000000,0.365,,"{""0"": 250, ""1"": 250, ""2"": null, ""3"": null, ""4"": null, ""5"": null, ""6"": null, ""7"": null}","{""0"": 0.0, ""1"": 0.0, ""2"": null, ""3"": null, ""4"": null, ""5"": null, ""6"": null, ""7"": null}","{""0"": 250, ""1"": 250}",250,1,0,0,0,0.365,ultrasonic-not-close,KEEP_PAUSED,left,right,,0
69,2026-08-01T16:05:43.818+09:00,20.132,68,3.43,0,DRIVING,,0,1,0,-0.182465,0.297121,0.297121,0,750,unknown,0,unknown,0.000000,null,0.000000,0.351,,"{""0"": 250, ""1"": 250, ""2"": null, ""3"": null, ""4"": null, ""5"": null, ""6"": null, ""7"": null}","{""0"": 0.0, ""1"": 0.0, ""2"": null, ""3"": null, ""4"": null, ""5"": null, ""6"": null, ""7"": null}","{""0"": 250, ""1"": 250}",250,1,0,0,0,0.351,ultrasonic-not-close,KEEP_PAUSED,left,right,,0
70,2026-08-01T16:05:44.036+09:00,20.349,69,3.44,0,DRIVING,,0,1,0,-0.183980,0.311969,0.311969,0,751,green,0,unknown,0.000000,null,0.000000,0.391,,"{""0"": 250, ""1"": 250, ""2"": null, ""3"": null, ""4"": null, ""5"": null, ""6"": null, ""7"": null}","{""0"": 0.0, ""1"": 0.0, ""2"": null, ""3"": null, ""4"": null, ""5"": null, ""6"": null, ""7"": null}","{""0"": 250, ""1"": 250}",250,1,0,0,0,0.391,ultrasonic-not-close,KEEP_PAUSED,left,right,,0
71,2026-08-01T16:05:44.238+09:00,20.554,70,3.46,0,DRIVING,,0,1,0,-0.183777,0.316995,0.316995,0,750,green,0,unknown,0.000000,null,0.000000,0.368,,"{""0"": 250, ""1"": 250, ""2"": null, ""3"": null, ""4"": null, ""5"": null, ""6"": null, ""7"": null}","{""0"": 0.0, ""1"": 0.0, ""2"": null, ""3"": null, ""4"": null, ""5"": null, ""6"": null, ""7"": null}","{""0"": 250, ""1"": 250}",250,1,0,0,0,0.368,ultrasonic-not-close,KEEP_PAUSED,left,right,,0
72,2026-08-01T16:05:44.592+09:00,20.909,71,3.45,0,DRIVING,,0,1,0,-0.183400,0.319781,0.319781,0,750,green,0,unknown,0.000000,null,0.000000,0.505,,"{""0"": 250, ""1"": 250, ""2"": null, ""3"": null, ""4"": null, ""5"": null, ""6"": null, ""7"": null}","{""0"": 0.0, ""1"": 0.0, ""2"": null, ""3"": null, ""4"": null, ""5"": null, ""6"": null, ""7"": null}","{""0"": 250, ""1"": 250}",250,1,0,0,0,0.505,ultrasonic-not-close,KEEP_PAUSED,left,right,,0
73,2026-08-01T16:05:44.862+09:00,21.179,72,3.45,0,DRIVING,,0,1,0,-0.183482,0.323177,0.323177,0,750,green,0,unknown,0.000000,null,0.000000,0.570,,"{""0"": 250, ""1"": 250, ""2"": null, ""3"": null, ""4"": null, ""5"": null, ""6"": null, ""7"": null}","{""0"": 0.0, ""1"": 0.0, ""2"": null, ""3"": null, ""4"": null, ""5"": null, ""6"": null, ""7"": null}","{""0"": 250, ""1"": 250}",250,1,0,0,0,0.570,ultrasonic-not-close,KEEP_PAUSED,left,right,,0
74,2026-08-01T16:05:45.043+09:00,21.357,73,3.47,0,DRIVING,,0,1,0,-0.183437,0.325142,0.325142,0,750,green,0,unknown,0.000000,null,0.000000,0.396,,"{""0"": 250, ""1"": 250, ""2"": null, ""3"": null, ""4"": null, ""5"": null, ""6"": null, ""7"": null}","{""0"": 0.0, ""1"": 0.0, ""2"": null, ""3"": null, ""4"": null, ""5"": null, ""6"": null, ""7"": null}","{""0"": 250, ""1"": 250}",250,1,0,0,0,0.396,ultrasonic-not-close,KEEP_PAUSED,left,right,,0
75,2026-08-01T16:05:45.286+09:00,21.599,74,3.48,0,DRIVING,,0,1,0,-0.183898,0.328316,0.328316,0,750,green,0,unknown,0.000000,null,0.000000,0.371,,"{""0"": 250, ""1"": 250, ""2"": null, ""3"": null, ""4"": null, ""5"": null, ""6"": null, ""7"": null}","{""0"": 0.0, ""1"": 0.0, ""2"": null, ""3"": null, ""4"": null, ""5"": null, ""6"": null, ""7"": null}","{""0"": 250, ""1"": 250}",250,1,0,0,0,0.371,ultrasonic-not-close,KEEP_PAUSED,left,right,,0
76,2026-08-01T16:05:45.520+09:00,21.836,75,3.49,0,DRIVING,,0,1,0,-0.183422,0.327412,0.327412,0,750,green,0,unknown,0.000000,null,0.000000,0.423,,"{""0"": 250, ""1"": 250, ""2"": null, ""3"": null, ""4"": null, ""5"": null, ""6"": null, ""7"": null}","{""0"": 0.0, ""1"": 0.0, ""2"": null, ""3"": null, ""4"": null, ""5"": null, ""6"": null, ""7"": null}","{""0"": 250, ""1"": 250}",250,1,0,0,0,0.423,ultrasonic-not-close,KEEP_PAUSED,left,right,,0
77,2026-08-01T16:05:45.734+09:00,22.049,76,3.50,0,DRIVING,,0,1,0,-0.183358,0.328006,0.328006,0,750,green,0,unknown,0.000000,null,0.000000,0.394,,"{""0"": 250, ""1"": 250, ""2"": null, ""3"": null, ""4"": null, ""5"": null, ""6"": null, ""7"": null}","{""0"": 0.0, ""1"": 0.0, ""2"": null, ""3"": null, ""4"": null, ""5"": null, ""6"": null, ""7"": null}","{""0"": 250, ""1"": 250}",250,1,0,0,0,0.394,ultrasonic-not-close,KEEP_PAUSED,left,right,,0
78,2026-08-01T16:05:45.977+09:00,22.292,77,3.50,0,DRIVING,,0,1,0,-0.183333,0.328526,0.328526,0,750,green,0,unknown,0.000000,null,0.000000,0.402,,"{""0"": 250, ""1"": 250, ""2"": null, ""3"": null, ""4"": null, ""5"": null, ""6"": null, ""7"": null}","{""0"": 0.0, ""1"": 0.0, ""2"": null, ""3"": null, ""4"": null, ""5"": null, ""6"": null, ""7"": null}","{""0"": 250, ""1"": 250}",250,1,0,0,0,0.402,ultrasonic-not-close,KEEP_PAUSED,left,right,,0
79,2026-08-01T16:05:46.226+09:00,22.540,78,3.51,0,DRIVING,,0,1,0,-0.183364,0.329082,0.329082,0,750,green,0,unknown,0.000000,null,0.000000,0.434,,"{""0"": 250, ""1"": 250, ""2"": null, ""3"": null, ""4"": null, ""5"": null, ""6"": null, ""7"": null}","{""0"": 0.0, ""1"": 0.0, ""2"": null, ""3"": null, ""4"": null, ""5"": null, ""6"": null, ""7"": null}","{""0"": 250, ""1"": 250}",250,1,0,0,0,0.434,ultrasonic-not-close,KEEP_PAUSED,left,right,,0
80,2026-08-01T16:05:46.429+09:00,22.744,79,3.52,0,DRIVING,,0,1,0,-0.183323,0.329223,0.329223,0,750,green,0,unknown,0.000000,null,0.000000,0.396,,"{""0"": 250, ""1"": 250, ""2"": null, ""3"": null, ""4"": null, ""5"": null, ""6"": null, ""7"": null}","{""0"": 0.0, ""1"": 0.0, ""2"": null, ""3"": null, ""4"": null, ""5"": null, ""6"": null, ""7"": null}","{""0"": 250, ""1"": 250}",250,1,0,0,0,0.396,ultrasonic-not-close,KEEP_PAUSED,left,right,,0
81,2026-08-01T16:05:46.692+09:00,23.010,80,3.52,1,DRIVING,phase:KEEP_PAUSED->KEEP,0,1,0,-0.183261,0.329229,0.329229,70,750,green,0,unknown,0.000000,null,0.000000,0.413,,"{""0"": 250, ""1"": 250, ""2"": null, ""3"": null, ""4"": null, ""5"": null, ""6"": null, ""7"": null}","{""0"": 0.0, ""1"": 0.0, ""2"": null, ""3"": null, ""4"": null, ""5"": null, ""6"": null, ""7"": null}","{""0"": 250, ""1"": 250}",250,1,0,0,0,0.413,ultrasonic-not-close,KEEP,left,right,,0
82,2026-08-01T16:05:46.932+09:00,23.247,81,3.53,1,DRIVING,,0,1,0,-0.183260,0.329417,0.329417,70,763,green,0,unknown,0.000000,null,0.000000,0.468,,"{""0"": 250, ""1"": 250, ""2"": null, ""3"": null, ""4"": null, ""5"": null, ""6"": null, ""7"": null}","{""0"": 0.0, ""1"": 0.0, ""2"": null, ""3"": null, ""4"": null, ""5"": null, ""6"": null, ""7"": null}","{""0"": 250, ""1"": 250}",250,1,0,0,0,0.468,ultrasonic-not-close,KEEP,left,right,,0
83,2026-08-01T16:05:47.112+09:00,23.427,82,3.55,1,DRIVING,,0,1,0,-0.183277,0.329614,0.329614,70,763,green,0,unknown,0.000000,null,0.000000,0.366,,"{""0"": 250, ""1"": 250, ""2"": null, ""3"": null, ""4"": null, ""5"": null, ""6"": null, ""7"": null}","{""0"": 0.0, ""1"": 0.0, ""2"": null, ""3"": null, ""4"": null, ""5"": null, ""6"": null, ""7"": null}","{""0"": 250, ""1"": 250}",250,1,0,0,0,0.366,ultrasonic-not-close,KEEP,left,right,,0
84,2026-08-01T16:05:47.405+09:00,23.723,83,3.55,1,DRIVING,,0,1,0,-0.186655,0.341860,0.341860,70,765,green,0,unknown,0.000000,null,0.000000,0.422,,"{""0"": 250, ""1"": 250, ""2"": null, ""3"": null, ""4"": null, ""5"": null, ""6"": null, ""7"": null}","{""0"": 0.0, ""1"": 0.0, ""2"": null, ""3"": null, ""4"": null, ""5"": null, ""6"": null, ""7"": null}","{""0"": 250, ""1"": 250}",250,1,0,0,0,0.422,ultrasonic-not-close,KEEP,left,right,,0
85,2026-08-01T16:05:47.704+09:00,24.022,84,3.54,1,DRIVING,,0,1,0,-0.199423,0.386060,0.386060,70,767,green,0,unknown,0.000000,null,0.000000,0.542,,"{""0"": 250, ""1"": 250, ""2"": null, ""3"": null, ""4"": null, ""5"": null, ""6"": null, ""7"": null}","{""0"": 0.0, ""1"": 0.0, ""2"": null, ""3"": null, ""4"": null, ""5"": null, ""6"": null, ""7"": null}","{""0"": 250, ""1"": 250}",250,1,0,0,0,0.542,ultrasonic-not-close,KEEP,left,right,,0
86,2026-08-01T16:05:47.900+09:00,24.215,85,3.56,1,DRIVING,,0,1,0,-0.198656,0.375171,0.375171,70,768,green,0,unknown,0.000000,null,0.000000,0.441,,"{""0"": 250, ""1"": 250, ""2"": null, ""3"": null, ""4"": null, ""5"": null, ""6"": null, ""7"": null}","{""0"": 0.0, ""1"": 0.0, ""2"": null, ""3"": null, ""4"": null, ""5"": null, ""6"": null, ""7"": null}","{""0"": 250, ""1"": 250}",250,1,0,0,0,0.441,ultrasonic-not-close,KEEP,left,right,,0
87,2026-08-01T16:05:48.140+09:00,24.458,86,3.56,1,DRIVING,,0,1,0,-0.198723,0.370135,0.370135,70,768,green,0,unknown,0.000000,null,0.000000,0.388,,"{""0"": 250, ""1"": 250, ""2"": null, ""3"": null, ""4"": null, ""5"": null, ""6"": null, ""7"": null}","{""0"": 0.0, ""1"": 0.0, ""2"": null, ""3"": null, ""4"": null, ""5"": null, ""6"": null, ""7"": null}","{""0"": 250, ""1"": 250}",250,1,0,0,0,0.388,ultrasonic-not-close,KEEP,left,right,,0
88,2026-08-01T16:05:48.393+09:00,24.710,87,3.57,1,DRIVING,,0,1,0,-0.178183,0.292460,0.292460,70,767,unknown,0,unknown,0.000000,null,0.000000,0.441,,"{""0"": 250, ""1"": 250, ""2"": null, ""3"": null, ""4"": null, ""5"": null, ""6"": null, ""7"": null}","{""0"": 0.0, ""1"": 0.0, ""2"": null, ""3"": null, ""4"": null, ""5"": null, ""6"": null, ""7"": null}","{""0"": 250, ""1"": 250}",250,1,0,0,0,0.441,ultrasonic-not-close,KEEP,left,right,,0
89,2026-08-01T16:05:48.633+09:00,24.952,88,3.57,1,DRIVING,,0,1,0,-0.229353,0.485152,0.485152,70,767,green,0,unknown,0.000000,null,0.000000,0.444,,"{""0"": 250, ""1"": 250, ""2"": null, ""3"": null, ""4"": null, ""5"": null, ""6"": null, ""7"": null}","{""0"": 0.0, ""1"": 0.0, ""2"": null, ""3"": null, ""4"": null, ""5"": null, ""6"": null, ""7"": null}","{""0"": 250, ""1"": 250}",250,1,0,0,0,0.444,ultrasonic-not-close,KEEP,left,right,,0
90,2026-08-01T16:05:48.880+09:00,25.195,89,3.58,1,DRIVING,,0,1,0,-0.257146,0.563512,0.563512,70,776,unknown,0,unknown,0.000000,null,0.000000,0.432,,"{""0"": 250, ""1"": 250, ""2"": null, ""3"": null, ""4"": null, ""5"": null, ""6"": null, ""7"": null}","{""0"": 0.0, ""1"": 0.0, ""2"": null, ""3"": null, ""4"": null, ""5"": null, ""6"": null, ""7"": null}","{""0"": 250, ""1"": 250}",250,1,0,0,0,0.432,ultrasonic-not-close,KEEP,left,right,,0
91,2026-08-01T16:05:49.149+09:00,25.465,90,3.58,1,DRIVING,,0,1,0,-0.283569,0.628439,0.628439,70,783,green,0,unknown,0.000000,null,0.000000,0.466,,"{""0"": 250, ""1"": 250, ""2"": null, ""3"": null, ""4"": null, ""5"": null, ""6"": null, ""7"": null}","{""0"": 0.0, ""1"": 0.0, ""2"": null, ""3"": null, ""4"": null, ""5"": null, ""6"": null, ""7"": null}","{""0"": 250, ""1"": 250}",250,1,0,0,0,0.466,ultrasonic-not-close,KEEP,left,right,,0
92,2026-08-01T16:05:49.439+09:00,25.759,91,3.58,1,DRIVING,,0,1,0,-0.304071,0.666843,0.666843,70,791,green,0,unknown,0.000000,null,0.000000,0.509,,"{""0"": 250, ""1"": 250, ""2"": null, ""3"": null, ""4"": null, ""5"": null, ""6"": null, ""7"": null}","{""0"": 0.0, ""1"": 0.0, ""2"": null, ""3"": null, ""4"": null, ""5"": null, ""6"": null, ""7"": null}","{""0"": 250, ""1"": 250}",250,1,0,0,0,0.509,ultrasonic-not-close,KEEP,left,right,,0
93,2026-08-01T16:05:49.630+09:00,25.946,92,3.59,1,DRIVING,,0,1,0,-0.321311,0.693054,0.693054,70,792,green,0,unknown,0.000000,null,0.000000,0.428,,"{""0"": 250, ""1"": 250, ""2"": null, ""3"": null, ""4"": null, ""5"": null, ""6"": null, ""7"": null}","{""0"": 0.0, ""1"": 0.0, ""2"": null, ""3"": null, ""4"": null, ""5"": null, ""6"": null, ""7"": null}","{""0"": 250, ""1"": 250}",250,1,0,0,0,0.428,ultrasonic-not-close,KEEP,left,right,,0
94,2026-08-01T16:05:49.830+09:00,26.146,93,3.60,1,DRIVING,,0,1,0,-0.323203,0.665456,0.665456,70,794,green,0,unknown,0.000000,null,0.000000,0.339,,"{""0"": 250, ""1"": 250, ""2"": null, ""3"": null, ""4"": null, ""5"": null, ""6"": null, ""7"": null}","{""0"": 0.0, ""1"": 0.0, ""2"": null, ""3"": null, ""4"": null, ""5"": null, ""6"": null, ""7"": null}","{""0"": 250, ""1"": 250}",250,1,0,0,0,0.339,ultrasonic-not-close,KEEP,left,right,,0
95,2026-08-01T16:05:50.087+09:00,26.404,94,3.60,1,DRIVING,,0,1,0,-0.322681,0.638471,0.638471,70,795,green,0,unknown,0.000000,null,0.000000,0.404,,"{""0"": 250, ""1"": 250, ""2"": null, ""3"": null, ""4"": null, ""5"": null, ""6"": null, ""7"": null}","{""0"": 0.0, ""1"": 0.0, ""2"": null, ""3"": null, ""4"": null, ""5"": null, ""6"": null, ""7"": null}","{""0"": 250, ""1"": 250}",250,1,0,0,0,0.404,ultrasonic-not-close,KEEP,left,right,,0
96,2026-08-01T16:05:50.411+09:00,26.731,95,3.60,1,DRIVING,,0,1,0,-0.316074,0.597392,0.597392,70,796,unknown,0,unknown,0.000000,null,0.000000,0.529,,"{""0"": 250, ""1"": 250, ""2"": null, ""3"": null, ""4"": null, ""5"": null, ""6"": null, ""7"": null}","{""0"": 0.0, ""1"": 0.0, ""2"": null, ""3"": null, ""4"": null, ""5"": null, ""6"": null, ""7"": null}","{""0"": 250, ""1"": 250}",250,1,0,0,0,0.529,ultrasonic-not-close,KEEP,left,right,,0
97,2026-08-01T16:05:50.667+09:00,26.987,96,3.60,1,DRIVING,,0,1,0,-0.305547,0.550956,0.550956,70,796,unknown,0,unknown,0.000000,null,0.000000,0.531,,"{""0"": 250, ""1"": 250, ""2"": null, ""3"": null, ""4"": null, ""5"": null, ""6"": null, ""7"": null}","{""0"": 0.0, ""1"": 0.0, ""2"": null, ""3"": null, ""4"": null, ""5"": null, ""6"": null, ""7"": null}","{""0"": 250, ""1"": 250}",250,1,0,0,0,0.531,ultrasonic-not-close,KEEP,left,right,,0
98,2026-08-01T16:05:51.020+09:00,27.334,97,3.59,1,DRIVING,,0,1,0,-0.297160,0.520470,0.520470,70,794,unknown,0,unknown,0.000000,null,0.000000,0.552,,"{""0"": 250, ""1"": 250, ""2"": null, ""3"": null, ""4"": null, ""5"": null, ""6"": null, ""7"": null}","{""0"": 0.0, ""1"": 0.0, ""2"": null, ""3"": null, ""4"": null, ""5"": null, ""6"": null, ""7"": null}","{""0"": 250, ""1"": 250}",250,1,0,0,0,0.552,ultrasonic-not-close,KEEP,left,right,,0
99,2026-08-01T16:05:51.280+09:00,27.596,98,3.59,1,DRIVING,,0,1,0,-0.290198,0.499734,0.499734,70,793,green,0,unknown,0.000000,null,0.000000,0.557,,"{""0"": 250, ""1"": 250, ""2"": null, ""3"": null, ""4"": null, ""5"": null, ""6"": null, ""7"": null}","{""0"": 0.0, ""1"": 0.0, ""2"": null, ""3"": null, ""4"": null, ""5"": null, ""6"": null, ""7"": null}","{""0"": 250, ""1"": 250}",250,1,0,0,0,0.557,ultrasonic-not-close,KEEP,left,right,,0
100,2026-08-01T16:05:51.491+09:00,27.804,99,3.60,1,DRIVING,,0,1,0,-0.275753,0.454520,0.454520,70,792,unknown,0,unknown,0.000000,null,0.000000,0.412,,"{""0"": 250, ""1"": 250, ""2"": null, ""3"": null, ""4"": null, ""5"": null, ""6"": null, ""7"": null}","{""0"": 0.0, ""1"": 0.0, ""2"": null, ""3"": null, ""4"": null, ""5"": null, ""6"": null, ""7"": null}","{""0"": 250, ""1"": 250}",250,1,0,0,0,0.412,ultrasonic-not-close,KEEP,left,right,,0
101,2026-08-01T16:05:51.759+09:00,28.076,100,3.60,1,DRIVING,,0,1,0,-0.262321,0.418716,0.418716,70,782,unknown,0,unknown,0.000000,null,0.000000,0.426,,"{""0"": 250, ""1"": 250, ""2"": null, ""3"": null, ""4"": null, ""5"": null, ""6"": null, ""7"": null}","{""0"": 0.0, ""1"": 0.0, ""2"": null, ""3"": null, ""4"": null, ""5"": null, ""6"": null, ""7"": null}","{""0"": 250, ""1"": 250}",250,1,0,0,0,0.426,ultrasonic-not-close,KEEP,left,right,,0
102,2026-08-01T16:05:51.968+09:00,28.285,101,3.61,1,DRIVING,,0,1,0,-0.244943,0.372194,0.372194,70,750,unknown,0,unknown,0.000000,null,0.000000,0.425,,"{""0"": 250, ""1"": 250, ""2"": null, ""3"": null, ""4"": null, ""5"": null, ""6"": null, ""7"": null}","{""0"": 0.0, ""1"": 0.0, ""2"": null, ""3"": null, ""4"": null, ""5"": null, ""6"": null, ""7"": null}","{""0"": 250, ""1"": 250}",250,1,0,0,0,0.425,ultrasonic-not-close,KEEP,left,right,,0
103,2026-08-01T16:05:52.161+09:00,28.475,102,3.62,1,DRIVING,,0,1,0,-0.268571,0.477866,0.477866,70,780,unknown,0,unknown,0.000000,null,0.000000,0.351,,"{""0"": 250, ""1"": 250, ""2"": null, ""3"": null, ""4"": null, ""5"": null, ""6"": null, ""7"": null}","{""0"": 0.0, ""1"": 0.0, ""2"": null, ""3"": null, ""4"": null, ""5"": null, ""6"": null, ""7"": null}","{""0"": 250, ""1"": 250}",250,1,0,0,0,0.351,ultrasonic-not-close,KEEP,left,right,,0
104,2026-08-01T16:05:52.436+09:00,28.752,103,3.62,1,DRIVING,,0,1,0,-0.267146,0.474402,0.474402,70,780,green,0,unknown,0.000000,null,0.000000,0.418,,"{""0"": 250, ""1"": 250, ""2"": null, ""3"": null, ""4"": null, ""5"": null, ""6"": null, ""7"": null}","{""0"": 0.0, ""1"": 0.0, ""2"": null, ""3"": null, ""4"": null, ""5"": null, ""6"": null, ""7"": null}","{""0"": 250, ""1"": 250}",250,1,0,0,0,0.418,ultrasonic-not-close,KEEP,left,right,,0
105,2026-08-01T16:05:52.651+09:00,28.966,104,3.63,1,DRIVING,,0,1,0,-0.269914,0.486304,0.486304,70,781,green,0,unknown,0.000000,null,0.000000,0.435,,"{""0"": 250, ""1"": 250, ""2"": null, ""3"": null, ""4"": null, ""5"": null, ""6"": null, ""7"": null}","{""0"": 0.0, ""1"": 0.0, ""2"": null, ""3"": null, ""4"": null, ""5"": null, ""6"": null, ""7"": null}","{""0"": 250, ""1"": 250}",250,1,0,0,0,0.435,ultrasonic-not-close,KEEP,left,right,,0
106,2026-08-01T16:05:52.915+09:00,29.231,105,3.63,1,DRIVING,,0,1,0,-0.278903,0.518530,0.518530,70,781,green,0,unknown,0.000000,null,0.000000,0.426,,"{""0"": 250, ""1"": 250, ""2"": null, ""3"": null, ""4"": null, ""5"": null, ""6"": null, ""7"": null}","{""0"": 0.0, ""1"": 0.0, ""2"": null, ""3"": null, ""4"": null, ""5"": null, ""6"": null, ""7"": null}","{""0"": 250, ""1"": 250}",250,1,0,0,0,0.426,ultrasonic-not-close,KEEP,left,right,,0
107,2026-08-01T16:05:53.241+09:00,29.557,106,3.62,1,DRIVING,,0,1,0,-0.284632,0.534201,0.534201,70,780,green,0,unknown,0.000000,null,0.000000,0.537,,"{""0"": 250, ""1"": 250, ""2"": null, ""3"": null, ""4"": null, ""5"": null, ""6"": null, ""7"": null}","{""0"": 0.0, ""1"": 0.0, ""2"": null, ""3"": null, ""4"": null, ""5"": null, ""6"": null, ""7"": null}","{""0"": 250, ""1"": 250}",250,1,0,0,0,0.537,ultrasonic-not-close,KEEP,left,right,,0
108,2026-08-01T16:05:53.489+09:00,29.804,107,3.63,1,DRIVING,,0,1,0,-0.299104,0.579743,0.579743,70,780,unknown,0,unknown,0.000000,null,0.000000,0.521,,"{""0"": 250, ""1"": 250, ""2"": null, ""3"": null, ""4"": null, ""5"": null, ""6"": null, ""7"": null}","{""0"": 0.0, ""1"": 0.0, ""2"": null, ""3"": null, ""4"": null, ""5"": null, ""6"": null, ""7"": null}","{""0"": 250, ""1"": 250}",250,1,0,0,0,0.521,ultrasonic-not-close,KEEP,left,right,,0
109,2026-08-01T16:05:53.779+09:00,30.093,108,3.63,1,DRIVING,,0,1,0,-0.322868,0.652887,0.652887,70,784,unknown,0,unknown,0.000000,null,0.000000,0.483,,"{""0"": 250, ""1"": 250, ""2"": null, ""3"": null, ""4"": null, ""5"": null, ""6"": null, ""7"": null}","{""0"": 0.0, ""1"": 0.0, ""2"": null, ""3"": null, ""4"": null, ""5"": null, ""6"": null, ""7"": null}","{""0"": 250, ""1"": 250}",250,1,0,0,0,0.483,ultrasonic-not-close,KEEP,left,right,,0
110,2026-08-01T16:05:53.984+09:00,30.301,109,3.63,1,DRIVING,,0,1,0,-0.327693,0.648737,0.648737,70,791,unknown,0,unknown,0.000000,null,0.000000,0.444,,"{""0"": 250, ""1"": 250, ""2"": null, ""3"": null, ""4"": null, ""5"": null, ""6"": null, ""7"": null}","{""0"": 0.0, ""1"": 0.0, ""2"": null, ""3"": null, ""4"": null, ""5"": null, ""6"": null, ""7"": null}","{""0"": 250, ""1"": 250}",250,1,0,0,0,0.444,ultrasonic-not-close,KEEP,left,right,,0
111,2026-08-01T16:05:54.204+09:00,30.521,110,3.64,1,DRIVING,,0,1,0,-0.346881,0.700147,0.700147,70,792,unknown,0,unknown,0.000000,null,0.000000,0.373,,"{""0"": 250, ""1"": 250, ""2"": null, ""3"": null, ""4"": null, ""5"": null, ""6"": null, ""7"": null}","{""0"": 0.0, ""1"": 0.0, ""2"": null, ""3"": null, ""4"": null, ""5"": null, ""6"": null, ""7"": null}","{""0"": 250, ""1"": 250}",250,1,0,0,0,0.373,ultrasonic-not-close,KEEP,left,right,,0
112,2026-08-01T16:05:54.450+09:00,30.766,111,3.64,1,DRIVING,,0,1,0,-0.349210,0.685805,0.685805,70,793,unknown,0,unknown,0.000000,null,0.000000,0.414,,"{""0"": 250, ""1"": 250, ""2"": null, ""3"": null, ""4"": null, ""5"": null, ""6"": null, ""7"": null}","{""0"": 0.0, ""1"": 0.0, ""2"": null, ""3"": null, ""4"": null, ""5"": null, ""6"": null, ""7"": null}","{""0"": 250, ""1"": 250}",250,1,0,0,0,0.414,ultrasonic-not-close,KEEP,left,right,,0
113,2026-08-01T16:05:54.731+09:00,31.047,112,3.64,1,DRIVING,,0,1,0,-0.353705,0.684819,0.684819,70,792,unknown,0,unknown,0.000000,null,0.000000,0.473,,"{""0"": 250, ""1"": 250, ""2"": null, ""3"": null, ""4"": null, ""5"": null, ""6"": null, ""7"": null}","{""0"": 0.0, ""1"": 0.0, ""2"": null, ""3"": null, ""4"": null, ""5"": null, ""6"": null, ""7"": null}","{""0"": 250, ""1"": 250}",250,1,0,0,0,0.473,ultrasonic-not-close,KEEP,left,right,,0
114,2026-08-01T16:05:54.976+09:00,31.293,113,3.65,1,DRIVING,,0,1,0,-0.348443,0.651430,0.651430,70,792,unknown,0,unknown,0.000000,null,0.000000,0.475,,"{""0"": 250, ""1"": 250, ""2"": null, ""3"": null, ""4"": null, ""5"": null, ""6"": null, ""7"": null}","{""0"": 0.0, ""1"": 0.0, ""2"": null, ""3"": null, ""4"": null, ""5"": null, ""6"": null, ""7"": null}","{""0"": 250, ""1"": 250}",250,1,0,0,0,0.475,ultrasonic-not-close,KEEP,left,right,,0
115,2026-08-01T16:05:55.344+09:00,31.660,114,3.64,1,DRIVING,,0,1,0,-0.348114,0.642975,0.642975,70,793,unknown,0,unknown,0.000000,null,0.000000,0.561,,"{""0"": 250, ""1"": 250, ""2"": null, ""3"": null, ""4"": null, ""5"": null, ""6"": null, ""7"": null}","{""0"": 0.0, ""1"": 0.0, ""2"": null, ""3"": null, ""4"": null, ""5"": null, ""6"": null, ""7"": null}","{""0"": 250, ""1"": 250}",250,1,0,0,0,0.561,ultrasonic-not-close,KEEP,left,right,,0
116,2026-08-01T16:05:55.650+09:00,31.968,115,3.63,1,DRIVING,,0,1,0,-0.342603,0.618226,0.618226,70,792,unknown,0,unknown,0.000000,null,0.000000,0.623,,"{""0"": 250, ""1"": 250, ""2"": null, ""3"": null, ""4"": null, ""5"": null, ""6"": null, ""7"": null}","{""0"": 0.0, ""1"": 0.0, ""2"": null, ""3"": null, ""4"": null, ""5"": null, ""6"": null, ""7"": null}","{""0"": 250, ""1"": 250}",250,1,0,0,0,0.623,ultrasonic-not-close,KEEP,left,right,,0
117,2026-08-01T16:05:55.890+09:00,32.209,116,3.64,1,DRIVING,,0,1,0,-0.335421,0.591909,0.591909,70,793,unknown,0,unknown,0.000000,null,0.000000,0.496,,"{""0"": 250, ""1"": 250, ""2"": null, ""3"": null, ""4"": null, ""5"": null, ""6"": null, ""7"": null}","{""0"": 0.0, ""1"": 0.0, ""2"": null, ""3"": null, ""4"": null, ""5"": null, ""6"": null, ""7"": null}","{""0"": 250, ""1"": 250}",250,1,0,0,0,0.496,ultrasonic-not-close,KEEP,left,right,,0
118,2026-08-01T16:05:56.088+09:00,32.403,117,3.65,1,DRIVING,,0,1,0,-0.325499,0.559745,0.559745,70,792,unknown,0,unknown,0.000000,null,0.000000,0.385,,"{""0"": 250, ""1"": 250, ""2"": null, ""3"": null, ""4"": null, ""5"": null, ""6"": null, ""7"": null}","{""0"": 0.0, ""1"": 0.0, ""2"": null, ""3"": null, ""4"": null, ""5"": null, ""6"": null, ""7"": null}","{""0"": 250, ""1"": 250}",250,1,0,0,0,0.385,ultrasonic-not-close,KEEP,left,right,,0
119,2026-08-01T16:05:56.303+09:00,32.619,118,3.65,1,DRIVING,,0,1,0,-0.315497,0.531581,0.531581,70,792,unknown,0,unknown,0.000000,null,0.000000,0.361,,"{""0"": 250, ""1"": 250, ""2"": null, ""3"": null, ""4"": null, ""5"": null, ""6"": null, ""7"": null}","{""0"": 0.0, ""1"": 0.0, ""2"": null, ""3"": null, ""4"": null, ""5"": null, ""6"": null, ""7"": null}","{""0"": 250, ""1"": 250}",250,1,0,0,0,0.361,ultrasonic-not-close,KEEP,left,right,,0
120,2026-08-01T16:05:56.603+09:00,32.920,119,3.65,1,DRIVING,,0,1,0,-0.312866,0.533003,0.533003,70,792,unknown,0,unknown,0.000000,null,0.000000,0.464,,"{""0"": 250, ""1"": 250, ""2"": null, ""3"": null, ""4"": null, ""5"": null, ""6"": null, ""7"": null}","{""0"": 0.0, ""1"": 0.0, ""2"": null, ""3"": null, ""4"": null, ""5"": null, ""6"": null, ""7"": null}","{""0"": 250, ""1"": 250}",250,1,0,0,0,0.464,ultrasonic-not-close,KEEP,left,right,,0
121,2026-08-01T16:05:56.816+09:00,33.131,120,3.66,1,DRIVING,,0,1,0,-0.303468,0.508219,0.508219,70,829,unknown,0,unknown,0.000000,null,0.000000,0.460,,"{""0"": 250, ""1"": 250, ""2"": null, ""3"": null, ""4"": null, ""5"": null, ""6"": null, ""7"": null}","{""0"": 0.0, ""1"": 0.0, ""2"": null, ""3"": null, ""4"": null, ""5"": null, ""6"": null, ""7"": null}","{""0"": 250, ""1"": 250}",250,1,0,0,0,0.460,ultrasonic-not-close,KEEP,left,right,,0
122,2026-08-01T16:05:57.099+09:00,33.415,121,3.65,1,DRIVING,,0,1,0,-0.261022,0.366820,0.366820,70,791,unknown,0,unknown,0.000000,null,0.000000,0.447,,"{""0"": 250, ""1"": 250, ""2"": null, ""3"": null, ""4"": null, ""5"": null, ""6"": null, ""7"": null}","{""0"": 0.0, ""1"": 0.0, ""2"": null, ""3"": null, ""4"": null, ""5"": null, ""6"": null, ""7"": null}","{""0"": 250, ""1"": 250}",250,1,0,0,0,0.447,ultrasonic-not-close,KEEP,left,right,,0
123,2026-08-01T16:05:57.463+09:00,33.779,122,3.64,1,DRIVING,,0,1,0,-0.254674,0.374872,0.374872,70,779,unknown,0,unknown,0.000000,null,0.000000,0.592,,"{""0"": 250, ""1"": 250, ""2"": null, ""3"": null, ""4"": null, ""5"": null, ""6"": null, ""7"": null}","{""0"": 0.0, ""1"": 0.0, ""2"": null, ""3"": null, ""4"": null, ""5"": null, ""6"": null, ""7"": null}","{""0"": 250, ""1"": 250}",250,1,0,0,0,0.592,ultrasonic-not-close,KEEP,left,right,,0
124,2026-08-01T16:05:57.750+09:00,34.067,123,3.64,1,DRIVING,,0,1,0,-0.209946,0.238914,0.238914,70,778,unknown,0,unknown,0.000000,null,0.000000,0.600,,"{""0"": 250, ""1"": 250, ""2"": null, ""3"": null, ""4"": null, ""5"": null, ""6"": null, ""7"": null}","{""0"": 0.0, ""1"": 0.0, ""2"": null, ""3"": null, ""4"": null, ""5"": null, ""6"": null, ""7"": null}","{""0"": 250, ""1"": 250}",250,1,0,0,0,0.600,ultrasonic-not-close,KEEP,left,right,,0
125,2026-08-01T16:05:58.001+09:00,34.319,124,3.65,1,DRIVING,,0,1,0,-0.147235,0.054851,0.054851,70,769,unknown,0,unknown,0.000000,null,0.000000,0.487,,"{""0"": 189, ""1"": 250, ""2"": null, ""3"": null, ""4"": null, ""5"": null, ""6"": null, ""7"": null}","{""0"": 0.0, ""1"": 0.0, ""2"": null, ""3"": null, ""4"": null, ""5"": null, ""6"": null, ""7"": null}","{""0"": 189, ""1"": 250}",189,1,0,0,0,0.487,ultrasonic-not-close,KEEP,left,right,,0
126,2026-08-01T16:05:58.227+09:00,34.545,125,3.65,1,DRIVING,,0,1,0,-0.145439,0.111439,0.111439,70,753,unknown,0,unknown,0.000000,null,0.000000,0.429,,"{""0"": 176, ""1"": 250, ""2"": null, ""3"": null, ""4"": null, ""5"": null, ""6"": null, ""7"": null}","{""0"": 0.0, ""1"": 0.0, ""2"": null, ""3"": null, ""4"": null, ""5"": null, ""6"": null, ""7"": null}","{""0"": 176, ""1"": 250}",176,1,0,0,0,0.429,ultrasonic-not-close,KEEP,left,right,,0
127,2026-08-01T16:05:58.407+09:00,34.721,126,3.66,1,DRIVING,,0,1,0,-0.119780,0.064171,0.064171,70,753,unknown,0,unknown,0.000000,null,0.000000,0.354,,"{""0"": 164, ""1"": 250, ""2"": null, ""3"": null, ""4"": null, ""5"": null, ""6"": null, ""7"": null}","{""0"": 0.0, ""1"": 0.0, ""2"": null, ""3"": null, ""4"": null, ""5"": null, ""6"": null, ""7"": null}","{""0"": 164, ""1"": 250}",164,1,0,0,0,0.354,ultrasonic-not-close,KEEP,left,right,,0
128,2026-08-01T16:05:58.705+09:00,35.022,127,3.66,1,DRIVING,,0,1,0,-0.114863,0.091898,0.091898,70,753,green,0,unknown,0.000000,null,0.000000,0.427,,"{""0"": 146, ""1"": 250, ""2"": null, ""3"": null, ""4"": null, ""5"": null, ""6"": null, ""7"": null}","{""0"": 0.0, ""1"": 0.0, ""2"": null, ""3"": null, ""4"": null, ""5"": null, ""6"": null, ""7"": null}","{""0"": 146, ""1"": 250}",146,1,1,0,0,0.427,car-not-detected-or-stale,KEEP,left,right,,0
129,2026-08-01T16:05:58.944+09:00,35.259,128,3.66,1,DRIVING,,0,1,0,-0.121041,0.148598,0.148598,70,751,green,0,unknown,0.000000,null,0.000000,0.481,,"{""0"": 131, ""1"": 250, ""2"": null, ""3"": null, ""4"": null, ""5"": null, ""6"": null, ""7"": null}","{""0"": 0.0, ""1"": 0.0, ""2"": null, ""3"": null, ""4"": null, ""5"": null, ""6"": null, ""7"": null}","{""0"": 131, ""1"": 250}",131,1,1,0,0,0.481,car-not-detected-or-stale,KEEP,left,right,,0
130,2026-08-01T16:05:59.243+09:00,35.560,129,3.66,1,DRIVING,,0,1,0,-0.114336,0.145243,0.145243,70,751,green,0,unknown,0.000000,null,0.000000,0.487,,"{""0"": 113, ""1"": 116, ""2"": null, ""3"": null, ""4"": null, ""5"": null, ""6"": null, ""7"": null}","{""0"": 0.0, ""1"": 0.0, ""2"": null, ""3"": null, ""4"": null, ""5"": null, ""6"": null, ""7"": null}","{""0"": 113, ""1"": 116}",113,1,1,0,0,0.487,car-not-detected-or-stale,KEEP,left,right,,0
131,2026-08-01T16:05:59.491+09:00,35.806,130,3.66,1,DRIVING,,0,1,0,-0.112359,0.156292,0.156292,70,752,green,0,unknown,0.000000,null,0.000000,0.491,,"{""0"": 101, ""1"": 111, ""2"": null, ""3"": null, ""4"": null, ""5"": null, ""6"": null, ""7"": null}","{""0"": 0.0, ""1"": 0.0, ""2"": null, ""3"": null, ""4"": null, ""5"": null, ""6"": null, ""7"": null}","{""0"": 101, ""1"": 111}",101,1,1,0,0,0.491,car-not-detected-or-stale,KEEP,left,right,,0
132,2026-08-01T16:05:59.712+09:00,36.028,131,3.67,1,DRIVING,,0,1,0,-0.107088,0.151103,0.151103,70,751,unknown,1,obstacle-car,0.781097,"[208, 54, 362, 119]",0.065504,0.414,,"{""0"": 86, ""1"": 89, ""2"": null, ""3"": null, ""4"": null, ""5"": null, ""6"": null, ""7"": null}","{""0"": 0.0, ""1"": 0.0, ""2"": null, ""3"": null, ""4"": null, ""5"": null, ""6"": null, ""7"": null}","{""0"": 86, ""1"": 89}",86,1,1,1,1,0.414,car+ultrasonic,KEEP,left,right,,0
133,2026-08-01T16:06:00.006+09:00,36.323,132,3.66,1,DRIVING,,0,1,0,-0.126322,0.232843,0.232843,50,751,unknown,1,obstacle-car,0.832833,"[200, 54, 366, 142]",0.096311,0.462,,"{""0"": 69, ""1"": 71, ""2"": null, ""3"": null, ""4"": null, ""5"": null, ""6"": null, ""7"": null}","{""0"": 0.0, ""1"": 0.0, ""2"": null, ""3"": null, ""4"": null, ""5"": null, ""6"": null, ""7"": null}","{""0"": 69, ""1"": 71}",69,1,1,1,2,0.462,car+ultrasonic,KEEP,left,right,,0
134,2026-08-01T16:06:00.190+09:00,36.505,133,3.67,1,AVOIDING_OBSTACLE,state:DRIVING->AVOIDING_OBSTACLE;phase:KEEP->CHANGING,0,1,0,-0.127847,0.000000,1.000000,50,753,green,1,obstacle-car,0.971539,"[184, 54, 368, 165]",0.133707,0.423,,"{""0"": 57, ""1"": 59, ""2"": null, ""3"": null, ""4"": null, ""5"": null, ""6"": null, ""7"": null}","{""0"": 0.0, ""1"": 0.0, ""2"": null, ""3"": null, ""4"": null, ""5"": null, ""6"": null, ""7"": null}","{""0"": 57, ""1"": 59}",57,1,1,1,0,0.423,car+ultrasonic,CHANGING,left,right,left,0
135,2026-08-01T16:06:00.464+09:00,36.782,134,3.67,1,AVOIDING_OBSTACLE,,0,0,0,,0.000000,1.000000,50,798,unknown,1,obstacle-car,0.925726,"[172, 54, 375, 192]",0.184347,0.412,,"{""0"": 45, ""1"": 45, ""2"": null, ""3"": null, ""4"": null, ""5"": null, ""6"": null, ""7"": null}","{""0"": 0.0, ""1"": 0.0, ""2"": null, ""3"": null, ""4"": null, ""5"": null, ""6"": null, ""7"": null}",{},,1,0,1,0,,maneuver-locked,CHANGING,left,right,left,0
136,2026-08-01T16:06:00.726+09:00,37.044,135,3.67,1,AVOIDING_OBSTACLE,,0,0,0,,0.000000,1.000000,50,817,red,1,obstacle-car,0.793065,"[146, 54, 382, 240]",0.286539,0.486,,"{""0"": 34, ""1"": 42, ""2"": null, ""3"": null, ""4"": null, ""5"": null, ""6"": null, ""7"": null}","{""0"": 0.0, ""1"": 0.0, ""2"": null, ""3"": null, ""4"": null, ""5"": null, ""6"": null, ""7"": null}",{},,1,0,1,0,,maneuver-locked,CHANGING,left,right,left,0
137,2026-08-01T16:06:00.996+09:00,37.313,136,3.67,1,AVOIDING_OBSTACLE,,0,0,0,,0.000000,1.000000,50,819,red,1,obstacle-car,0.958835,"[130, 55, 396, 270]",0.374149,0.483,,"{""0"": 19, ""1"": 34, ""2"": null, ""3"": null, ""4"": null, ""5"": null, ""6"": null, ""7"": null}","{""0"": 0.0, ""1"": 0.0, ""2"": null, ""3"": null, ""4"": null, ""5"": null, ""6"": null, ""7"": null}",{},,1,0,1,0,,maneuver-locked,CHANGING,left,right,left,0
138,2026-08-01T16:06:01.234+09:00,37.549,137,3.68,0,AVOIDING_OBSTACLE,phase:CHANGING->CHANGING_PAUSED,0,0,0,,0.000000,0.000000,0,785,unknown,1,obstacle-car,0.946238,"[128, 69, 431, 326]",0.509234,0.457,,"{""0"": 13, ""1"": 25, ""2"": null, ""3"": null, ""4"": null, ""5"": null, ""6"": null, ""7"": null}","{""0"": 0.0, ""1"": 0.0, ""2"": null, ""3"": null, ""4"": null, ""5"": null, ""6"": null, ""7"": null}",{},,1,0,1,0,,maneuver-locked,CHANGING_PAUSED,left,right,left,0
139,2026-08-01T16:06:01.559+09:00,37.877,138,3.67,0,AVOIDING_OBSTACLE,,0,0,0,,0.000000,0.000000,0,751,unknown,1,obstacle-car,0.659444,"[142, 90, 494, 353]",0.602527,0.530,,"{""0"": 10, ""1"": 26, ""2"": null, ""3"": null, ""4"": null, ""5"": null, ""6"": null, ""7"": null}","{""0"": 0.0, ""1"": 0.0, ""2"": null, ""3"": null, ""4"": null, ""5"": null, ""6"": null, ""7"": null}",{},,1,0,1,0,,maneuver-locked,CHANGING_PAUSED,left,right,left,0
140,2026-08-01T16:06:01.824+09:00,38.142,139,3.67,0,AVOIDING_OBSTACLE,,0,0,0,,0.000000,0.000000,0,751,green,0,unknown,0.000000,null,0.000000,0.537,,"{""0"": 10, ""1"": 25, ""2"": null, ""3"": null, ""4"": null, ""5"": null, ""6"": null, ""7"": null}","{""0"": 0.0, ""1"": 0.0, ""2"": null, ""3"": null, ""4"": null, ""5"": null, ""6"": null, ""7"": null}",{},,1,0,1,0,,maneuver-locked,CHANGING_PAUSED,left,right,left,0
141,2026-08-01T16:06:02.055+09:00,38.370,140,3.68,0,AVOIDING_OBSTACLE,,0,0,0,,0.000000,0.000000,0,751,green,0,unknown,0.000000,null,0.000000,0.444,,"{""0"": 11, ""1"": 25, ""2"": null, ""3"": null, ""4"": null, ""5"": null, ""6"": null, ""7"": null}","{""0"": 0.0, ""1"": 0.0, ""2"": null, ""3"": null, ""4"": null, ""5"": null, ""6"": null, ""7"": null}",{},,1,0,1,0,,maneuver-locked,CHANGING_PAUSED,left,right,left,0
142,2026-08-01T16:06:02.279+09:00,38.594,141,3.68,0,AVOIDING_OBSTACLE,,0,0,0,,0.000000,0.000000,0,751,green,0,unknown,0.000000,null,0.000000,0.399,,"{""0"": 12, ""1"": 27, ""2"": null, ""3"": null, ""4"": null, ""5"": null, ""6"": null, ""7"": null}","{""0"": 0.0, ""1"": 0.0, ""2"": null, ""3"": null, ""4"": null, ""5"": null, ""6"": null, ""7"": null}",{},,1,0,1,0,,maneuver-locked,CHANGING_PAUSED,left,right,left,0
143,2026-08-01T16:06:02.537+09:00,38.851,142,3.68,0,AVOIDING_OBSTACLE,,0,0,0,,0.000000,0.000000,0,751,green,0,unknown,0.000000,null,0.000000,0.427,,"{""0"": 12, ""1"": 26, ""2"": null, ""3"": null, ""4"": null, ""5"": null, ""6"": null, ""7"": null}","{""0"": 0.0, ""1"": 0.0, ""2"": null, ""3"": null, ""4"": null, ""5"": null, ""6"": null, ""7"": null}",{},,1,0,1,0,,maneuver-locked,CHANGING_PAUSED,left,right,left,0
144,2026-08-01T16:06:02.749+09:00,39.064,143,3.69,0,AVOIDING_OBSTACLE,,0,0,0,,0.000000,0.000000,0,751,green,0,unknown,0.000000,null,0.000000,0.413,,"{""0"": 12, ""1"": 17, ""2"": null, ""3"": null, ""4"": null, ""5"": null, ""6"": null, ""7"": null}","{""0"": 0.0, ""1"": 0.0, ""2"": null, ""3"": null, ""4"": null, ""5"": null, ""6"": null, ""7"": null}",{},,1,0,1,0,,maneuver-locked,CHANGING_PAUSED,left,right,left,0
145,2026-08-01T16:06:02.955+09:00,39.268,144,3.70,0,AVOIDING_OBSTACLE,,0,0,0,,0.000000,0.000000,0,751,green,0,unknown,0.000000,null,0.000000,0.362,,"{""0"": 12, ""1"": 17, ""2"": null, ""3"": null, ""4"": null, ""5"": null, ""6"": null, ""7"": null}","{""0"": 0.0, ""1"": 0.0, ""2"": null, ""3"": null, ""4"": null, ""5"": null, ""6"": null, ""7"": null}",{},,1,0,1,0,,maneuver-locked,CHANGING_PAUSED,left,right,left,0
146,2026-08-01T16:06:03.223+09:00,39.539,145,3.70,0,AVOIDING_OBSTACLE,,0,0,0,,0.000000,0.000000,0,751,green,0,unknown,0.000000,null,0.000000,0.419,,"{""0"": 12, ""1"": 27, ""2"": null, ""3"": null, ""4"": null, ""5"": null, ""6"": null, ""7"": null}","{""0"": 0.0, ""1"": 0.0, ""2"": null, ""3"": null, ""4"": null, ""5"": null, ""6"": null, ""7"": null}",{},,1,0,1,0,,maneuver-locked,CHANGING_PAUSED,left,right,left,0
147,2026-08-01T16:06:03.467+09:00,39.785,146,3.70,0,AVOIDING_OBSTACLE,,0,0,0,,0.000000,0.000000,0,751,green,0,unknown,0.000000,null,0.000000,0.457,,"{""0"": 12, ""1"": 17, ""2"": null, ""3"": null, ""4"": null, ""5"": null, ""6"": null, ""7"": null}","{""0"": 0.0, ""1"": 0.0, ""2"": null, ""3"": null, ""4"": null, ""5"": null, ""6"": null, ""7"": null}",{},,1,0,1,0,,maneuver-locked,CHANGING_PAUSED,left,right,left,0
148,2026-08-01T16:06:03.731+09:00,40.049,147,3.70,0,AVOIDING_OBSTACLE,,0,0,0,,0.000000,0.000000,0,751,green,0,unknown,0.000000,null,0.000000,0.458,,"{""0"": 12, ""1"": 17, ""2"": null, ""3"": null, ""4"": null, ""5"": null, ""6"": null, ""7"": null}","{""0"": 0.0, ""1"": 0.0, ""2"": null, ""3"": null, ""4"": null, ""5"": null, ""6"": null, ""7"": null}",{},,1,0,1,0,,maneuver-locked,CHANGING_PAUSED,left,right,left,0
149,2026-08-01T16:06:03.981+09:00,40.297,148,3.70,0,AVOIDING_OBSTACLE,,0,0,0,,0.000000,0.000000,0,751,green,0,unknown,0.000000,null,0.000000,0.466,,"{""0"": 12, ""1"": 17, ""2"": null, ""3"": null, ""4"": null, ""5"": null, ""6"": null, ""7"": null}","{""0"": 0.0, ""1"": 0.0, ""2"": null, ""3"": null, ""4"": null, ""5"": null, ""6"": null, ""7"": null}",{},,1,0,1,0,,maneuver-locked,CHANGING_PAUSED,left,right,left,0
150,2026-08-01T16:06:04.197+09:00,40.511,149,3.71,0,AVOIDING_OBSTACLE,,0,0,0,,0.000000,0.000000,0,751,green,0,unknown,0.000000,null,0.000000,0.414,,"{""0"": 12, ""1"": 24, ""2"": null, ""3"": null, ""4"": null, ""5"": null, ""6"": null, ""7"": null}","{""0"": 0.0, ""1"": 0.0, ""2"": null, ""3"": null, ""4"": null, ""5"": null, ""6"": null, ""7"": null}",{},,1,0,1,0,,maneuver-locked,CHANGING_PAUSED,left,right,left,0
151,2026-08-01T16:06:04.373+09:00,40.688,150,3.71,0,AVOIDING_OBSTACLE,,0,0,0,,0.000000,0.000000,0,751,green,0,unknown,0.000000,null,0.000000,0.340,,"{""0"": 12, ""1"": 24, ""2"": null, ""3"": null, ""4"": null, ""5"": null, ""6"": null, ""7"": null}","{""0"": 0.0, ""1"": 0.0, ""2"": null, ""3"": null, ""4"": null, ""5"": null, ""6"": null, ""7"": null}",{},,1,0,1,0,,maneuver-locked,CHANGING_PAUSED,left,right,left,0
152,2026-08-01T16:06:04.624+09:00,40.941,151,3.72,0,AVOIDING_OBSTACLE,,0,0,0,,0.000000,0.000000,0,751,green,0,unknown,0.000000,null,0.000000,0.379,,"{""0"": 12, ""1"": 24, ""2"": null, ""3"": null, ""4"": null, ""5"": null, ""6"": null, ""7"": null}","{""0"": 0.0, ""1"": 0.0, ""2"": null, ""3"": null, ""4"": null, ""5"": null, ""6"": null, ""7"": null}",{},,1,0,1,0,,maneuver-locked,CHANGING_PAUSED,left,right,left,0
153,2026-08-01T16:06:04.805+09:00,41.118,152,3.72,0,AVOIDING_OBSTACLE,,0,0,0,,0.000000,0.000000,0,751,green,0,unknown,0.000000,null,0.000000,0.377,,"{""0"": 12, ""1"": 18, ""2"": null, ""3"": null, ""4"": null, ""5"": null, ""6"": null, ""7"": null}","{""0"": 0.0, ""1"": 0.0, ""2"": null, ""3"": null, ""4"": null, ""5"": null, ""6"": null, ""7"": null}",{},,1,0,1,0,,maneuver-locked,CHANGING_PAUSED,left,right,left,0
154,2026-08-01T16:06:05.145+09:00,41.458,153,3.72,0,AVOIDING_OBSTACLE,,0,0,0,,0.000000,0.000000,0,751,green,0,unknown,0.000000,null,0.000000,0.466,,"{""0"": 12, ""1"": 24, ""2"": null, ""3"": null, ""4"": null, ""5"": null, ""6"": null, ""7"": null}","{""0"": 0.0, ""1"": 0.0, ""2"": null, ""3"": null, ""4"": null, ""5"": null, ""6"": null, ""7"": null}",{},,1,0,1,0,,maneuver-locked,CHANGING_PAUSED,left,right,left,0
155,2026-08-01T16:06:05.421+09:00,41.738,154,3.72,0,AVOIDING_OBSTACLE,,0,0,0,,0.000000,0.000000,0,751,green,0,unknown,0.000000,null,0.000000,0.563,,"{""0"": 12, ""1"": 17, ""2"": null, ""3"": null, ""4"": null, ""5"": null, ""6"": null, ""7"": null}","{""0"": 0.0, ""1"": 0.0, ""2"": null, ""3"": null, ""4"": null, ""5"": null, ""6"": null, ""7"": null}",{},,1,0,1,0,,maneuver-locked,CHANGING_PAUSED,left,right,left,0
156,2026-08-01T16:06:05.679+09:00,41.996,155,3.72,0,AVOIDING_OBSTACLE,,0,0,0,,0.000000,0.000000,0,751,unknown,0,unknown,0.000000,null,0.000000,0.483,,"{""0"": 12, ""1"": 17, ""2"": null, ""3"": null, ""4"": null, ""5"": null, ""6"": null, ""7"": null}","{""0"": 0.0, ""1"": 0.0, ""2"": null, ""3"": null, ""4"": null, ""5"": null, ""6"": null, ""7"": null}",{},,1,0,1,0,,maneuver-locked,CHANGING_PAUSED,left,right,left,0
157,2026-08-01T16:06:05.908+09:00,42.223,156,3.72,0,AVOIDING_OBSTACLE,,0,0,0,,0.000000,0.000000,0,752,unknown,0,unknown,0.000000,null,0.000000,0.434,,"{""0"": 12, ""1"": 17, ""2"": null, ""3"": null, ""4"": null, ""5"": null, ""6"": null, ""7"": null}","{""0"": 0.0, ""1"": 0.0, ""2"": null, ""3"": null, ""4"": null, ""5"": null, ""6"": null, ""7"": null}",{},,1,0,1,0,,maneuver-locked,CHANGING_PAUSED,left,right,left,0
158,2026-08-01T16:06:06.177+09:00,42.495,157,3.72,0,AVOIDING_OBSTACLE,,0,0,0,,0.000000,0.000000,0,752,unknown,0,unknown,0.000000,null,0.000000,0.451,,"{""0"": 12, ""1"": 17, ""2"": null, ""3"": null, ""4"": null, ""5"": null, ""6"": null, ""7"": null}","{""0"": 0.0, ""1"": 0.0, ""2"": null, ""3"": null, ""4"": null, ""5"": null, ""6"": null, ""7"": null}",{},,1,0,1,0,,maneuver-locked,CHANGING_PAUSED,left,right,left,0
159,2026-08-01T16:06:06.424+09:00,42.739,158,3.72,0,AVOIDING_OBSTACLE,,0,0,0,,0.000000,0.000000,0,752,unknown,0,unknown,0.000000,null,0.000000,0.461,,"{""0"": 12, ""1"": 24, ""2"": null, ""3"": null, ""4"": null, ""5"": null, ""6"": null, ""7"": null}","{""0"": 0.0, ""1"": 0.0, ""2"": null, ""3"": null, ""4"": null, ""5"": null, ""6"": null, ""7"": null}",{},,1,0,1,0,,maneuver-locked,CHANGING_PAUSED,left,right,left,0
160,2026-08-01T16:06:06.642+09:00,42.957,159,3.73,0,AVOIDING_OBSTACLE,,0,0,0,,0.000000,0.000000,0,752,unknown,0,unknown,0.000000,null,0.000000,0.412,,"{""0"": 12, ""1"": 18, ""2"": null, ""3"": null, ""4"": null, ""5"": null, ""6"": null, ""7"": null}","{""0"": 0.0, ""1"": 0.0, ""2"": null, ""3"": null, ""4"": null, ""5"": null, ""6"": null, ""7"": null}",{},,1,0,1,0,,maneuver-locked,CHANGING_PAUSED,left,right,left,0
161,2026-08-01T16:06:06.853+09:00,43.168,160,3.73,0,AVOIDING_OBSTACLE,,0,0,0,,0.000000,0.000000,0,751,unknown,0,unknown,0.000000,null,0.000000,0.374,,"{""0"": 12, ""1"": 18, ""2"": null, ""3"": null, ""4"": null, ""5"": null, ""6"": null, ""7"": null}","{""0"": 0.0, ""1"": 0.0, ""2"": null, ""3"": null, ""4"": null, ""5"": null, ""6"": null, ""7"": null}",{},,1,0,1,0,,maneuver-locked,CHANGING_PAUSED,left,right,left,0
162,2026-08-01T16:06:07.135+09:00,43.449,161,3.73,0,AVOIDING_OBSTACLE,,0,0,0,,0.000000,0.000000,0,751,unknown,0,unknown,0.000000,null,0.000000,0.437,,"{""0"": 12, ""1"": 17, ""2"": null, ""3"": null, ""4"": null, ""5"": null, ""6"": null, ""7"": null}","{""0"": 0.0, ""1"": 0.0, ""2"": null, ""3"": null, ""4"": null, ""5"": null, ""6"": null, ""7"": null}",{},,1,0,1,0,,maneuver-locked,CHANGING_PAUSED,left,right,left,0
163,2026-08-01T16:06:07.359+09:00,43.674,162,3.73,0,AVOIDING_OBSTACLE,,0,0,0,,0.000000,0.000000,0,752,unknown,0,unknown,0.000000,null,0.000000,0.450,,"{""0"": 12, ""1"": 18, ""2"": null, ""3"": null, ""4"": null, ""5"": null, ""6"": null, ""7"": null}","{""0"": 0.0, ""1"": 0.0, ""2"": null, ""3"": null, ""4"": null, ""5"": null, ""6"": null, ""7"": null}",{},,1,0,1,0,,maneuver-locked,CHANGING_PAUSED,left,right,left,0
164,2026-08-01T16:06:07.638+09:00,43.952,163,3.73,0,AVOIDING_OBSTACLE,,0,0,0,,0.000000,0.000000,0,751,unknown,0,unknown,0.000000,null,0.000000,0.450,,"{""0"": 12, ""1"": 27, ""2"": null, ""3"": null, ""4"": null, ""5"": null, ""6"": null, ""7"": null}","{""0"": 0.0, ""1"": 0.0, ""2"": null, ""3"": null, ""4"": null, ""5"": null, ""6"": null, ""7"": null}",{},,1,0,1,0,,maneuver-locked,CHANGING_PAUSED,left,right,left,0
165,2026-08-01T16:06:07.904+09:00,44.216,164,3.73,0,AVOIDING_OBSTACLE,,0,0,0,,0.000000,0.000000,0,751,unknown,0,unknown,0.000000,null,0.000000,0.488,,"{""0"": 12, ""1"": 18, ""2"": null, ""3"": null, ""4"": null, ""5"": null, ""6"": null, ""7"": null}","{""0"": 0.0, ""1"": 0.0, ""2"": null, ""3"": null, ""4"": null, ""5"": null, ""6"": null, ""7"": null}",{},,1,0,1,0,,maneuver-locked,CHANGING_PAUSED,left,right,left,0
166,2026-08-01T16:06:08.170+09:00,44.485,165,3.73,0,AVOIDING_OBSTACLE,,0,0,0,,0.000000,0.000000,0,751,unknown,0,unknown,0.000000,null,0.000000,0.479,,"{""0"": 12, ""1"": 24, ""2"": null, ""3"": null, ""4"": null, ""5"": null, ""6"": null, ""7"": null}","{""0"": 0.0, ""1"": 0.0, ""2"": null, ""3"": null, ""4"": null, ""5"": null, ""6"": null, ""7"": null}",{},,1,0,1,0,,maneuver-locked,CHANGING_PAUSED,left,right,left,0
167,2026-08-01T16:06:08.471+09:00,44.788,166,3.73,0,AVOIDING_OBSTACLE,,0,0,0,,0.000000,0.000000,0,751,unknown,0,unknown,0.000000,null,0.000000,0.516,,"{""0"": 12, ""1"": 25, ""2"": null, ""3"": null, ""4"": null, ""5"": null, ""6"": null, ""7"": null}","{""0"": 0.0, ""1"": 0.0, ""2"": null, ""3"": null, ""4"": null, ""5"": null, ""6"": null, ""7"": null}",{},,1,0,1,0,,maneuver-locked,CHANGING_PAUSED,left,right,left,0
168,2026-08-01T16:06:08.662+09:00,44.977,167,3.74,0,AVOIDING_OBSTACLE,,0,0,0,,0.000000,0.000000,0,751,unknown,0,unknown,0.000000,null,0.000000,0.435,,"{""0"": 12, ""1"": 16, ""2"": null, ""3"": null, ""4"": null, ""5"": null, ""6"": null, ""7"": null}","{""0"": 0.0, ""1"": 0.0, ""2"": null, ""3"": null, ""4"": null, ""5"": null, ""6"": null, ""7"": null}",{},,1,0,1,0,,maneuver-locked,CHANGING_PAUSED,left,right,left,0
169,2026-08-01T16:06:08.866+09:00,45.179,168,3.74,0,AVOIDING_OBSTACLE,,0,0,0,,0.000000,0.000000,0,751,unknown,0,unknown,0.000000,null,0.000000,0.342,,"{""0"": 12, ""1"": 16, ""2"": null, ""3"": null, ""4"": null, ""5"": null, ""6"": null, ""7"": null}","{""0"": 0.0, ""1"": 0.0, ""2"": null, ""3"": null, ""4"": null, ""5"": null, ""6"": null, ""7"": null}",{},,1,0,1,0,,maneuver-locked,CHANGING_PAUSED,left,right,left,0
170,2026-08-01T16:06:09.162+09:00,45.477,169,3.74,0,AVOIDING_OBSTACLE,,0,0,0,,0.000000,0.000000,0,751,green,0,unknown,0.000000,null,0.000000,0.445,,"{""0"": 12, ""1"": 16, ""2"": null, ""3"": null, ""4"": null, ""5"": null, ""6"": null, ""7"": null}","{""0"": 0.0, ""1"": 0.0, ""2"": null, ""3"": null, ""4"": null, ""5"": null, ""6"": null, ""7"": null}",{},,1,0,1,0,,maneuver-locked,CHANGING_PAUSED,left,right,left,0
171,2026-08-01T16:06:09.451+09:00,45.769,170,3.74,0,AVOIDING_OBSTACLE,,0,0,0,,0.000000,0.000000,0,751,unknown,0,unknown,0.000000,null,0.000000,0.533,,"{""0"": 12, ""1"": 16, ""2"": null, ""3"": null, ""4"": null, ""5"": null, ""6"": null, ""7"": null}","{""0"": 0.0, ""1"": 0.0, ""2"": null, ""3"": null, ""4"": null, ""5"": null, ""6"": null, ""7"": null}",{},,1,0,1,0,,maneuver-locked,CHANGING_PAUSED,left,right,left,0
172,2026-08-01T16:06:09.640+09:00,45.956,171,3.75,0,AVOIDING_OBSTACLE,,0,0,0,,0.000000,0.000000,0,752,unknown,0,unknown,0.000000,null,0.000000,0.427,,"{""0"": 12, ""1"": 16, ""2"": null, ""3"": null, ""4"": null, ""5"": null, ""6"": null, ""7"": null}","{""0"": 0.0, ""1"": 0.0, ""2"": null, ""3"": null, ""4"": null, ""5"": null, ""6"": null, ""7"": null}",{},,1,0,1,0,,maneuver-locked,CHANGING_PAUSED,left,right,left,0
173,2026-08-01T16:06:09.950+09:00,46.268,172,3.74,0,AVOIDING_OBSTACLE,,0,0,0,,0.000000,0.000000,0,752,unknown,0,unknown,0.000000,null,0.000000,0.449,,"{""0"": 12, ""1"": 16, ""2"": null, ""3"": null, ""4"": null, ""5"": null, ""6"": null, ""7"": null}","{""0"": 0.0, ""1"": 0.0, ""2"": null, ""3"": null, ""4"": null, ""5"": null, ""6"": null, ""7"": null}",{},,1,0,1,0,,maneuver-locked,CHANGING_PAUSED,left,right,left,0
174,2026-08-01T16:06:10.163+09:00,46.477,173,3.75,0,AVOIDING_OBSTACLE,,0,0,0,,0.000000,0.000000,0,752,unknown,0,unknown,0.000000,null,0.000000,0.466,,"{""0"": 12, ""1"": 25, ""2"": null, ""3"": null, ""4"": null, ""5"": null, ""6"": null, ""7"": null}","{""0"": 0.0, ""1"": 0.0, ""2"": null, ""3"": null, ""4"": null, ""5"": null, ""6"": null, ""7"": null}",{},,1,0,1,0,,maneuver-locked,CHANGING_PAUSED,left,right,left,0
175,2026-08-01T16:06:10.462+09:00,46.776,174,3.74,0,AVOIDING_OBSTACLE,,0,0,0,,0.000000,0.000000,0,751,unknown,0,unknown,0.000000,null,0.000000,0.460,,"{""0"": 12, ""1"": 16, ""2"": null, ""3"": null, ""4"": null, ""5"": null, ""6"": null, ""7"": null}","{""0"": 0.0, ""1"": 0.0, ""2"": null, ""3"": null, ""4"": null, ""5"": null, ""6"": null, ""7"": null}",{},,1,0,1,0,,maneuver-locked,CHANGING_PAUSED,left,right,left,0
176,2026-08-01T16:06:10.745+09:00,47.064,175,3.74,0,AVOIDING_OBSTACLE,,0,0,0,,0.000000,0.000000,0,751,unknown,0,unknown,0.000000,null,0.000000,0.533,,"{""0"": 12, ""1"": 16, ""2"": null, ""3"": null, ""4"": null, ""5"": null, ""6"": null, ""7"": null}","{""0"": 0.0, ""1"": 0.0, ""2"": null, ""3"": null, ""4"": null, ""5"": null, ""6"": null, ""7"": null}",{},,1,0,1,0,,maneuver-locked,CHANGING_PAUSED,left,right,left,0
177,2026-08-01T16:06:10.951+09:00,47.265,176,3.75,0,AVOIDING_OBSTACLE,,0,0,0,,0.000000,0.000000,0,751,unknown,0,unknown,0.000000,null,0.000000,0.433,,"{""0"": 12, ""1"": 16, ""2"": null, ""3"": null, ""4"": null, ""5"": null, ""6"": null, ""7"": null}","{""0"": 0.0, ""1"": 0.0, ""2"": null, ""3"": null, ""4"": null, ""5"": null, ""6"": null, ""7"": null}",{},,1,0,1,0,,maneuver-locked,CHANGING_PAUSED,left,right,left,0
178,2026-08-01T16:06:11.329+09:00,47.644,177,3.74,0,AVOIDING_OBSTACLE,,0,0,0,,0.000000,0.000000,0,751,unknown,0,unknown,0.000000,null,0.000000,0.529,,"{""0"": 12, ""1"": 16, ""2"": null, ""3"": null, ""4"": null, ""5"": null, ""6"": null, ""7"": null}","{""0"": 0.0, ""1"": 0.0, ""2"": null, ""3"": null, ""4"": null, ""5"": null, ""6"": null, ""7"": null}",{},,1,0,1,0,,maneuver-locked,CHANGING_PAUSED,left,right,left,0
179,2026-08-01T16:06:11.526+09:00,47.841,178,3.74,0,AVOIDING_OBSTACLE,,0,0,0,,0.000000,0.000000,0,751,unknown,0,unknown,0.000000,null,0.000000,0.520,,"{""0"": 12, ""1"": 16, ""2"": null, ""3"": null, ""4"": null, ""5"": null, ""6"": null, ""7"": null}","{""0"": 0.0, ""1"": 0.0, ""2"": null, ""3"": null, ""4"": null, ""5"": null, ""6"": null, ""7"": null}",{},,1,0,1,0,,maneuver-locked,CHANGING_PAUSED,left,right,left,0
180,2026-08-01T16:06:11.758+09:00,48.073,179,3.75,0,AVOIDING_OBSTACLE,,0,0,0,,0.000000,0.000000,0,751,unknown,0,unknown,0.000000,null,0.000000,0.375,,"{""0"": 12, ""1"": 16, ""2"": null, ""3"": null, ""4"": null, ""5"": null, ""6"": null, ""7"": null}","{""0"": 0.0, ""1"": 0.0, ""2"": null, ""3"": null, ""4"": null, ""5"": null, ""6"": null, ""7"": null}",{},,1,0,1,0,,maneuver-locked,CHANGING_PAUSED,left,right,left,0
181,2026-08-01T16:06:11.963+09:00,48.279,180,3.75,0,AVOIDING_OBSTACLE,,0,0,0,,0.000000,0.000000,0,752,unknown,0,unknown,0.000000,null,0.000000,0.383,,"{""0"": 12, ""1"": 16, ""2"": null, ""3"": null, ""4"": null, ""5"": null, ""6"": null, ""7"": null}","{""0"": 0.0, ""1"": 0.0, ""2"": null, ""3"": null, ""4"": null, ""5"": null, ""6"": null, ""7"": null}",{},,1,0,1,0,,maneuver-locked,CHANGING_PAUSED,left,right,left,0
182,2026-08-01T16:06:12.297+09:00,48.613,181,3.75,0,AVOIDING_OBSTACLE,,0,0,0,,0.000000,0.000000,0,751,unknown,0,unknown,0.000000,null,0.000000,0.485,,"{""0"": 12, ""1"": 25, ""2"": null, ""3"": null, ""4"": null, ""5"": null, ""6"": null, ""7"": null}","{""0"": 0.0, ""1"": 0.0, ""2"": null, ""3"": null, ""4"": null, ""5"": null, ""6"": null, ""7"": null}",{},,1,0,1,0,,maneuver-locked,CHANGING_PAUSED,left,right,left,0
183,2026-08-01T16:06:12.528+09:00,48.843,182,3.75,0,AVOIDING_OBSTACLE,,0,0,0,,0.000000,0.000000,0,752,unknown,0,unknown,0.000000,null,0.000000,0.510,,"{""0"": 12, ""1"": 25, ""2"": null, ""3"": null, ""4"": null, ""5"": null, ""6"": null, ""7"": null}","{""0"": 0.0, ""1"": 0.0, ""2"": null, ""3"": null, ""4"": null, ""5"": null, ""6"": null, ""7"": null}",{},,1,0,1,0,,maneuver-locked,CHANGING_PAUSED,left,right,left,0
184,2026-08-01T16:06:12.838+09:00,49.155,183,3.75,0,AVOIDING_OBSTACLE,,0,0,0,,0.000000,0.000000,0,751,unknown,0,unknown,0.000000,null,0.000000,0.492,,"{""0"": 12, ""1"": 25, ""2"": null, ""3"": null, ""4"": null, ""5"": null, ""6"": null, ""7"": null}","{""0"": 0.0, ""1"": 0.0, ""2"": null, ""3"": null, ""4"": null, ""5"": null, ""6"": null, ""7"": null}",{},,1,0,1,0,,maneuver-locked,CHANGING_PAUSED,left,right,left,0
185,2026-08-01T16:06:13.105+09:00,49.423,184,3.75,0,AVOIDING_OBSTACLE,,0,0,0,,0.000000,0.000000,0,751,unknown,0,unknown,0.000000,null,0.000000,0.525,,"{""0"": 12, ""1"": 25, ""2"": null, ""3"": null, ""4"": null, ""5"": null, ""6"": null, ""7"": null}","{""0"": 0.0, ""1"": 0.0, ""2"": null, ""3"": null, ""4"": null, ""5"": null, ""6"": null, ""7"": null}",{},,1,0,1,0,,maneuver-locked,CHANGING_PAUSED,left,right,left,0
186,2026-08-01T16:06:13.357+09:00,49.675,185,3.75,0,AVOIDING_OBSTACLE,,0,0,0,,0.000000,0.000000,0,751,unknown,0,unknown,0.000000,null,0.000000,0.470,,"{""0"": 12, ""1"": 16, ""2"": null, ""3"": null, ""4"": null, ""5"": null, ""6"": null, ""7"": null}","{""0"": 0.0, ""1"": 0.0, ""2"": null, ""3"": null, ""4"": null, ""5"": null, ""6"": null, ""7"": null}",{},,1,0,1,0,,maneuver-locked,CHANGING_PAUSED,left,right,left,0
187,2026-08-01T16:06:13.540+09:00,49.854,186,3.75,0,AVOIDING_OBSTACLE,,0,0,0,,0.000000,0.000000,0,751,unknown,0,unknown,0.000000,null,0.000000,0.382,,"{""0"": 12, ""1"": 16, ""2"": null, ""3"": null, ""4"": null, ""5"": null, ""6"": null, ""7"": null}","{""0"": 0.0, ""1"": 0.0, ""2"": null, ""3"": null, ""4"": null, ""5"": null, ""6"": null, ""7"": null}",{},,1,0,1,0,,maneuver-locked,CHANGING_PAUSED,left,right,left,0
188,2026-08-01T16:06:13.730+09:00,50.043,187,3.76,0,AVOIDING_OBSTACLE,,0,0,0,,0.000000,0.000000,0,751,unknown,0,unknown,0.000000,null,0.000000,0.319,,"{""0"": 12, ""1"": 16, ""2"": null, ""3"": null, ""4"": null, ""5"": null, ""6"": null, ""7"": null}","{""0"": 0.0, ""1"": 0.0, ""2"": null, ""3"": null, ""4"": null, ""5"": null, ""6"": null, ""7"": null}",{},,1,0,1,0,,maneuver-locked,CHANGING_PAUSED,left,right,left,0
189,2026-08-01T16:06:13.936+09:00,50.251,188,3.76,0,AVOIDING_OBSTACLE,,0,0,0,,0.000000,0.000000,0,752,unknown,0,unknown,0.000000,null,0.000000,0.341,,"{""0"": 12, ""1"": 16, ""2"": null, ""3"": null, ""4"": null, ""5"": null, ""6"": null, ""7"": null}","{""0"": 0.0, ""1"": 0.0, ""2"": null, ""3"": null, ""4"": null, ""5"": null, ""6"": null, ""7"": null}",{},,1,0,1,0,,maneuver-locked,CHANGING_PAUSED,left,right,left,0
190,2026-08-01T16:06:14.257+09:00,50.573,189,3.76,0,AVOIDING_OBSTACLE,,0,0,0,,0.000000,0.000000,0,752,unknown,0,unknown,0.000000,null,0.000000,0.473,,"{""0"": 12, ""1"": 25, ""2"": null, ""3"": null, ""4"": null, ""5"": null, ""6"": null, ""7"": null}","{""0"": 0.0, ""1"": 0.0, ""2"": null, ""3"": null, ""4"": null, ""5"": null, ""6"": null, ""7"": null}",{},,1,0,1,0,,maneuver-locked,CHANGING_PAUSED,left,right,left,0
191,2026-08-01T16:06:14.478+09:00,50.793,190,3.76,0,AVOIDING_OBSTACLE,,0,0,0,,0.000000,0.000000,0,751,unknown,0,unknown,0.000000,null,0.000000,0.482,,"{""0"": 12, ""1"": 25, ""2"": null, ""3"": null, ""4"": null, ""5"": null, ""6"": null, ""7"": null}","{""0"": 0.0, ""1"": 0.0, ""2"": null, ""3"": null, ""4"": null, ""5"": null, ""6"": null, ""7"": null}",{},,1,0,1,0,,maneuver-locked,CHANGING_PAUSED,left,right,left,0
192,2026-08-01T16:06:14.678+09:00,50.994,191,3.77,0,AVOIDING_OBSTACLE,,0,0,0,,0.000000,0.000000,0,751,unknown,0,unknown,0.000000,null,0.000000,0.367,,"{""0"": 12, ""1"": 25, ""2"": null, ""3"": null, ""4"": null, ""5"": null, ""6"": null, ""7"": null}","{""0"": 0.0, ""1"": 0.0, ""2"": null, ""3"": null, ""4"": null, ""5"": null, ""6"": null, ""7"": null}",{},,1,0,1,0,,maneuver-locked,CHANGING_PAUSED,left,right,left,0
193,2026-08-01T16:06:14.975+09:00,51.292,192,3.76,0,AVOIDING_OBSTACLE,,0,0,0,,0.000000,0.000000,0,751,unknown,0,unknown,0.000000,null,0.000000,0.444,,"{""0"": 12, ""1"": 25, ""2"": null, ""3"": null, ""4"": null, ""5"": null, ""6"": null, ""7"": null}","{""0"": 0.0, ""1"": 0.0, ""2"": null, ""3"": null, ""4"": null, ""5"": null, ""6"": null, ""7"": null}",{},,1,0,1,0,,maneuver-locked,CHANGING_PAUSED,left,right,left,0
194,2026-08-01T16:06:15.265+09:00,51.582,193,3.76,0,AVOIDING_OBSTACLE,,0,0,0,,0.000000,0.000000,0,751,unknown,0,unknown,0.000000,null,0.000000,0.537,,"{""0"": 12, ""1"": 24, ""2"": null, ""3"": null, ""4"": null, ""5"": null, ""6"": null, ""7"": null}","{""0"": 0.0, ""1"": 0.0, ""2"": null, ""3"": null, ""4"": null, ""5"": null, ""6"": null, ""7"": null}",{},,1,0,1,0,,maneuver-locked,CHANGING_PAUSED,left,right,left,0
195,2026-08-01T16:06:15.542+09:00,51.855,194,3.76,0,AVOIDING_OBSTACLE,,0,0,0,,0.000000,0.000000,0,751,green,0,unknown,0.000000,null,0.000000,0.513,,"{""0"": 12, ""1"": 24, ""2"": null, ""3"": null, ""4"": null, ""5"": null, ""6"": null, ""7"": null}","{""0"": 0.0, ""1"": 0.0, ""2"": null, ""3"": null, ""4"": null, ""5"": null, ""6"": null, ""7"": null}",{},,1,0,1,0,,maneuver-locked,CHANGING_PAUSED,left,right,left,0
